Department,Physical,Bio,Food,Sports Science,Day,Starting Time,Ending Time,Number of Credits,Course Title,Course Code,Subject Code,Course,Academic Year,Location,Lecturer in Charge,Lecture Type,General,Special,Semester Half
Forestry and Environmental Science,0,1,0,0,Tuesday,08:55:00,15:00:00,NA,Practicals,EMF P,EMF,EMF P Practicals,2,P,NA,Practicals,1,0,1
Forestry and Environmental Science,0,1,0,0,Wednesday,08:00:00,09:45:00,2,Wood Science and Forest Based Industries,EMF 216 2.0,EMF,EMF 216 2.0 Wood Science and Forest Based Industries,2,F1,Prof. Hiran Amarasekera,Lecture,1,0,1
Forestry and Environmental Science,0,1,0,0,Friday,11:10:00,12:00:00,1,Principles in Hydrology and Climatology,EMF 222 1.0,EMF,EMF 222 1.0 Principles in Hydrology and Climatology,2,F1,Dr. Thilak Chandrathilake,Lecture,1,0,1
Forestry and Environmental Science,0,1,0,0,Friday,13:00:00,14:00:00,1,Tree Diversity and Systematics,EMF 218 1.0,EMF,EMF 218 1.0 Tree Diversity and Systematics,2,F1,Snr. Prof. BMP Singhakumara,Lecture,1,0,1
Forestry and Environmental Science,0,1,0,0,Thursday,08:00:00,09:45:00,1,Environmental Chemistry,EMF 102 1.0,EMF,EMF 102 1.0 Environmental Chemistry,1,F1,Dr. Chaamila Pathirana,Lecture,1,0,1
Forestry and Environmental Science,0,1,0,0,Thursday,08:00:00,09:45:00,1,Forest Biology,EMF 108 1.0,EMF,EMF 108 1.0 Forest Biology,1,F1,Prof. Hiran Amarasekera,Lecture,1,0,2
Forestry and Environmental Science,0,1,0,0,Friday,08:55:00,16:00:00,NA,Practicals,EMF P,EMF,EMF P Practicals,1,P,NA,Practicals,1,0,1
Forestry and Environmental Science,0,1,0,0,Tuesday,13:00:00,15:00:00,1,Principles of Wildlife Ecology,EMF 117 1.0,EMF,EMF 117 1.0 Principles of Wildlife Ecology,1,F1,Prof. Priyan Perera,Lecture,1,0,1
Forestry and Environmental Science,0,1,0,0,Tuesday,13:00:00,15:00:00,1,General Geology and Soil Science,EMF 114 1.0,EMF,EMF 114 1.0 General Geology and Soil Science,1,F1,Dr. Daham Jayawardana,Lecture,1,0,2
Forestry and Environmental Science,0,1,0,0,Monday,13:00:00,15:00:00,1,Ecotourism Planning and Management,EMF 330 1.0,EMF,EMF 330 1.0 Ecotourism Planning and Management,3,F1,Prof. Priyan Perera,Lecture,1,1,1
Forestry and Environmental Science,0,1,0,0,Monday,13:00:00,15:00:00,1,Project Planning and Analysis,EMF 331 1.0,EMF,EMF 331 1.0 Project Planning and Analysis,3,F1,Prof. Prasanthi Gunawardena,Lecture,1,1,2
Forestry and Environmental Science,0,1,0,0,Tuesday,13:00:00,15:00:00,1,Integrated Resource Management,EMF 370 1.0,EMF,EMF 370 1.0 Integrated Resource Management,3,F1,Prof. Prasanthi Gunawardena,Lecture,1,1,1
Forestry and Environmental Science,0,1,0,0,Tuesday,13:00:00,15:00:00,1,Forest Management,EMF 307 1.0,EMF,EMF 307 1.0 Forest Management,3,F2,Prof. Upul Subasinghe,Lecture,1,1,2
Forestry and Environmental Science,0,1,0,0,Wednesday,08:00:00,09:45:00,1,Land Use Planning and Management,EMF 322 1.0,EMF,EMF 322 1.0 Land Use Planning and Management,3,F3,Prof. Padma Weerakoon - Mr. B.A. Jayananda,Lecture,1,1,1
Forestry and Environmental Science,0,1,0,0,Thursday,13:00:00,15:00:00,1,Advanced Resource Economics,EMF 359 1.0,EMF,EMF 359 1.0 Advanced Resource Economics,3,F1,Prof. Prasanthi Gunawardena,Lecture,0,1,1
Forestry and Environmental Science,0,1,0,0,Thursday,13:00:00,15:00:00,1,Forest Pathology and Entomology,EMF 318 1.0,EMF,EMF 318 1.0 Forest Pathology and Entomology,3,F1,Dr. Wathsala Udari,Lecture,1,1,1
Forestry and Environmental Science,0,1,0,0,Thursday,15:00:00,17:00:00,1,Agroforestry and Social Forestry,EMF 311 1.0,EMF,EMF 311 1.0 Agroforestry and Social Forestry,3,F1,Ms. Nileththi Shilpa,Lecture,1,1,1
Forestry and Environmental Science,0,1,0,0,Monday,11:10:00,12:00:00,1,Environmental Microbiology,EMF 353 1.0,EMF,EMF 353 1.0 Environmental Microbiology,3,SP - Forestry,Snr. Prof. M. M. Pathmalal,Lecture,0,1,1
Forestry and Environmental Science,0,1,0,0,Tuesday,15:00:00,17:00:00,1,Research Methodology,EMF 357 1.0,EMF,EMF 357 1.0 Research Methodology,3,SP - Forestry,Prof. Upul Subasinghe,Lecture,0,1,1
Forestry and Environmental Science,0,1,0,0,Wednesday,13:00:00,15:00:00,1,Urban Forestry,EMF 371 1.0,EMF,EMF 371 1.0 Urban Forestry,3,F1,Dr. Thilak Chandrathilake,Lecture,0,1,1
Forestry and Environmental Science,0,1,0,0,Wednesday,13:00:00,15:00:00,1,Cleaner Production and Green Technology,EMF 369 1.0,EMF,EMF 369 1.0 Cleaner Production and Green Technology,3,F1,Dr. Chaamila Pathirana,Lecture,0,1,2
Forestry and Environmental Science,0,1,0,0,Thursday,08:00:00,09:45:00,1,Indigenous Knowledge in Natural Resource Management,EMF 361 1.0,EMF,EMF 361 1.0 Indigenous Knowledge in Natural Resource Management,3,SP - Forestry,Prof. Danister Perera,Lecture,0,1,1
Forestry and Environmental Science,0,1,0,0,Thursday,08:00:00,09:45:00,1,Green Business Development,EMF 362 1.0,EMF,EMF 362 1.0 Green Business Development,3,SP - Forestry,Snr. Prof. Rohini Samarasinghe,Lecture,0,1,2
Forestry and Environmental Science,0,1,0,0,Thursday,10:15:00,12:00:00,1,Advanced Silviculture,EMF 358 1.0,EMF,EMF 358 1.0 Advanced Silviculture,3,F1,Ms. Nileththi Shilpa,Lecture,0,1,1
Forestry and Environmental Science,0,1,0,0,Tuesday,13:00:00,15:00:00,1,Forestry for Rural Development,EMF 459 1.0,EMF,EMF 459 1.0 Forestry for Rural Development,4,SP - Forestry,Ms. Nileththi Shilpa,Lecture,0,1,1
Forestry and Environmental Science,0,1,0,0,Wednesday,10:15:00,12:00:00,1,Wood Based Composites,EMF 458 1.0,EMF,EMF 458 1.0 Wood Based Composites,4,SP - Forestry,Prof. Hiran Amarasekera,Lecture,0,1,1
Forestry and Environmental Science,0,1,0,0,Wednesday,13:00:00,15:00:00,1,Land Reclamation and Soil Remediation,EMF 472 1.0,EMF,EMF 472 1.0 Land Reclamation and Soil Remediation,4,SP - Forestry,Dr. Daham Jayawardana,Lecture,0,1,1
Forestry and Environmental Science,0,1,0,0,Thursday,10:15:00,12:00:00,2,Assignment on Forest Management Plan Preparation,EMF 454 2.0,EMF,EMF 454 2.0 Assignment on Forest Management Plan Preparation,4,SP - Forestry,Prof. Upul Subasinghe,Lecture,0,1,1
Forestry and Environmental Science,0,1,0,0,Thursday,13:00:00,15:00:00,1,Energy and Environment,EMF 471 1.0,EMF,EMF 471 1.0 Energy and Environment,4,SP - Forestry,Dr. Daham Jayawardana,Lecture,0,1,1
Forestry and Environmental Science,1,0,0,0,Wednesday,10:15:00,12:00:00,2,Environmental Economics,ECN 104 2.0,ECN,ECN 104 2.0 Environmental Economics,1,BLT,Prof. B W R Damayanthi - Dr. J M M Udugama,Lecture,1,0,1
Forestry and Environmental Science,1,0,0,0,Thursday,08:00:00,09:45:00,3,Principles of Macroeconomics,ECN 103 3.0,ECN,ECN 103 3.0 Principles of Macroeconomics,1,F3,Mr. Anura Jayasinghe,Lecture,1,0,1
Forestry and Environmental Science,1,0,0,0,Tuesday,10:15:00,12:00:00,3,Intermediate Macroeconomics,ECN 203 3.0,ECN,ECN 203 3.0 Intermediate Macroeconomics,2,F1,Prof. B W R Damayanthi,Lecture,1,0,1
Forestry and Environmental Science,1,0,0,0,Wednesday,08:00:00,09:45:00,3,Intermediate Macroeconomics,ECN 203 3.1,ECN,ECN 203 3.1 Intermediate Macroeconomics,2,F2,Prof. B W R Damayanthi,Lecture,1,0,1
Forestry and Environmental Science,1,0,0,0,Thursday,13:00:00,15:00:00,3,Advanced Resource Economics,ECN 204 3.0,ECN,ECN 204 3.0 Advanced Resource Economics,2,F3,Prof. U A D P Gunawardena,Lecture,1,0,1
Forestry and Environmental Science,1,0,0,0,Tuesday,08:00:00,09:45:00,2,Advanced Resource Economics,ECN 303 2.0,ECN,ECN 303 2.0 Advanced Resource Economics,3,F1,Ms. K D De S Jayasekara,Lecture,1,0,1
Forestry and Environmental Science,1,0,0,0,Wednesday,15:00:00,17:00:00,2,Project Planning and Analysis,ECN 304 2.0,ECN,ECN 304 2.0 Project Planning and Analysis,3,F1,Prof. U A D P Gunawardena - Dr. Chandarasekara,Lecture,1,0,1
Forestry and Environmental Science,1,0,0,0,Friday,08:00:00,08:50:00,1,Health Economics,ECN 305 1.0,ECN,ECN 305 1.0 Health Economics,3,F3,Ms. C T Jayaratne,Lecture,1,0,1
Food Science and Tech,0,0,1,0,Monday,08:00:00,08:50:00,1,Principles of Organic Chemistry,FST 167 1.0,FST,FST 167 1.0 Principles of Organic Chemistry,1,S1,Dr. Laksiri Weerasinghe,Lecture,0,1,1
Food Science and Tech,0,0,1,0,Monday,10:15:00,11:05:00,1,Introduction To Animal Based Food products,FST 170 1.0,FST,FST 170 1.0 Introduction To Animal Based Food products,1,NFC5,Prof. I. Wickramasinghe,Lecture,0,1,1
Food Science and Tech,0,1,0,0,Monday,10:15:00,11:05:00,2,Introduction To Animal Based Food products,FSC 122 2.0,FSC,FSC 122 2.0 Introduction To Animal Based Food products,1,NFC5,Prof. I. Wickramasinghe,Lecture,1,0,1
Food Science and Tech,0,0,1,0,Monday,11:10:00,12:00:00,1,Introduction To Crop Based Food Products,FST 175 1.0,FST,FST 175 1.0 Introduction To Crop Based Food Products,1,NFC5,Dr. Madhura Jayasinghe,Lecture,0,1,1
Food Science and Tech,0,1,0,0,Monday,11:10:00,12:00:00,2,Introduction To Crop Based Food Products,FSC 122 2.0,FSC,FSC 122 2.0 Introduction To Crop Based Food Products,1,NFC5,Dr. Madhura Jayasinghe,Lecture,1,0,1
Food Science and Tech,0,0,1,0,Monday,15:00:00,16:00:00,1,Chemistry of Living system,FST 163 1.0,FST,FST 163 1.0 Chemistry of Living system,1,NFC5,Prof. Jagath Wansapala,Lecture,0,1,1
Food Science and Tech,0,1,0,0,Monday,15:00:00,16:00:00,1,Basics of Biochemistry,FSC 131 1.0,FSC,FSC 131 1.0 Basics of Biochemistry,1,NFC5,Prof. Jagath Wansapala,Lecture,1,0,1
Food Science and Tech,0,0,1,0,Tuesday,08:00:00,08:50:00,2,Introduction to Analytical Chemistry,FST 164 2.0,FST,FST 164 2.0 Introduction to Analytical Chemistry,1,S1,Dr. Asitha Cooray,Lecture,0,1,1
Food Science and Tech,0,0,1,0,Tuesday,11:10:00,12:00:00,1,Principles of Physics II,FST 180 1.0,FST,FST 180 1.0 Principles of Physics II,1,NFC2,Mr. Chehan Yapa,Lecture,0,1,1
Food Science and Tech,0,0,1,0,Tuesday,13:00:00,14:00:00,1,Applied Human Nutrition,FST 169 1.0,FST,FST 169 1.0 Applied Human Nutrition,1,NFC2,Dr. Madhura Jayasinghe,Lecture,0,1,1
Food Science and Tech,0,0,1,0,Tuesday,14:00:00,15:00:00,1,Organizational Behavior,FST 158 1.0,FST,FST 158 1.0 Organizational Behavior,1,NFC2,Dr. Dulani Somendrika,Lecture,0,1,1
Food Science and Tech,0,0,1,0,Tuesday,16:00:00,17:00:00,1,Chemical Thermodynamics,FST 165 1.0,FST,FST 165 1.0 Chemical Thermodynamics,1,S1,NA,Lecture,0,1,1
Food Science and Tech,0,0,1,0,Wednesday,10:15:00,12:00:00,2,Food Microbiology,FST 187 2.0,FST,FST 187 2.0 Food Microbiology,1,NFC2,Prof. R.A.U.J. Marapana,Lecture,0,1,1
Food Science and Tech,0,1,0,0,Wednesday,13:00:00,14:00:00,1,Food Business Management II,FSC 112 1.0,FSC,FSC 112 1.0 Food Business Management II,1,NFC2,Dr. Piumi Abeysundara,Lecture,1,0,1
Food Science and Tech,0,0,1,0,Wednesday,14:00:00,15:00:00,1,Business Economics,FST 159 1.0,FST,FST 159 1.0 Business Economics,1,NFC2,VL,Lecture,0,1,1
Food Science and Tech,0,0,1,0,Thursday,08:55:00,16:00:00,NA,Practicals,FST P,FST,FST P Practicals,1,P,NA,Practicals,0,1,1
Food Science and Tech,0,0,1,0,Monday,08:55:00,09:45:00,1,Post Harvest Management of Animal Commodities,FST 267 1.0,FST,FST 267 1.0 Post Harvest Management of Animal Commodities,2,NFC5,Prof. I. Wickramasinghe,Lecture,0,1,1
Food Science and Tech,0,0,1,0,Monday,13:00:00,14:00:00,1,Dietetics I,FST 268 1.0,FST,FST 268 1.0 Dietetics I,2,NFC5,Dr. Madhura Jayasinghe,Lecture,0,1,1
Food Science and Tech,0,0,1,0,Tuesday,08:55:00,15:00:00,NA,Practicals,FST P,FST,FST P Practicals,2,P,NA,Practicals,0,1,1
Food Science and Tech,0,0,1,0,Wednesday,08:00:00,09:45:00,2,Statistics for Food Science I,FST 251 2.0,FST,FST 251 2.0 Statistics for Food Science I,2,NFC5,Ms. Asha Mallikarachchi,Lecture,0,1,1
Food Science and Tech,0,0,1,0,Wednesday,10:15:00,11:05:00,1,Organic Spectros copy,FST 261 1.0,FST,FST 261 1.0 Organic Spectros copy,2,S1,Dr. Upul Kumarasinghe,Lecture,0,1,1
Food Science and Tech,0,0,1,0,Wednesday,11:10:00,12:00:00,1,Electrochemistry,FST 262 1.0,FST,FST 262 1.0 Electrochemistry,2,S1,Dr. Tharindu Senapathi,Lecture,0,1,1
Food Science and Tech,0,0,1,0,Wednesday,13:00:00,15:00:00,2,Unit Operation In Food Processing,FST 280 2.0,FST,FST 280 2.0 Unit Operation In Food Processing,2,NFC5,VL,Lecture,0,1,1
Food Science and Tech,0,0,1,0,Thursday,08:55:00,09:45:00,1,Bakery Science,FST 292 1.0,FST,FST 292 1.0 Bakery Science,2,NFC5,Dr. Suraji Senanayake,Lecture,0,1,1
Food Science and Tech,0,1,0,0,Thursday,10:15:00,11:05:00,1,Food Business Management II,FSC 211 1.0,FSC,FSC 211 1.0 Food Business Management II,2,NFC2,Dr. Dulani Somendrika,Lecture,1,0,1
Food Science and Tech,0,0,1,0,Thursday,11:10:00,12:00:00,1,Post Harvest Management of Plant Commodities,FST 266 1.0,FST,FST 266 1.0 Post Harvest Management of Plant Commodities,2,NFC5,Dr. Dulani Somendrika,Lecture,0,1,1
Food Science and Tech,0,1,0,0,Thursday,11:10:00,12:00:00,1,Post Harvest Management,FSC 252 1.0,FSC,FSC 252 1.0 Post Harvest Management,2,NFC5,Dr. Dulani Somendrika,Lecture,1,0,1
Food Science and Tech,0,0,1,0,Thursday,14:00:00,15:00:00,2,Chemical Kinetics,FST 264 2.0,FST,FST 264 2.0 Chemical Kinetics,2,S1,Dr. S Rajapaksha,Lecture,0,1,1
Food Science and Tech,0,0,1,0,Thursday,15:00:00,16:00:00,1,Food Packaging,FST 282 1.0,FST,FST 282 1.0 Food Packaging,2,NFC5,Dr. Chathuni Jayathilaka,Lecture,0,1,1
Food Science and Tech,0,0,1,0,Friday,08:55:00,11:05:00,2,Food Chemistry,FST 290 2.0,FST,FST 290 2.0 Food Chemistry,2,NFC5,Prof. Jagath Wansapala,Lecture,0,1,1
Food Science and Tech,0,1,0,0,Friday,08:55:00,11:05:00,2,Food Chemistry,FSC 231 2.0,FSC,FSC 231 2.0 Food Chemistry,2,NFC5,Prof. Jagath Wansapala,Lecture,1,0,1
Food Science and Tech,0,0,1,0,Friday,13:00:00,14:00:00,1,"Basic Management, Accounting and Finance",FST 298 1.0,FST,"FST 298 1.0 Basic Management, Accounting and Finance",2,NFC5,VL,Lecture,0,1,1
Food Science and Tech,0,0,1,0,Monday,08:00:00,09:45:00,2,Regression Analysis,FST 366 2.0,FST,FST 366 2.0 Regression Analysis,3,NFC2,Ms. Asha Mallikarachchi,Lecture,0,1,1
Food Science and Tech,0,0,1,0,Monday,10:15:00,11:05:00,1,Project Management,FST 367 1.0,FST,FST 367 1.0  Project Management,3,NFC2,Prof. Jagath Jayasinghe,Lecture,0,1,1
Food Science and Tech,0,0,1,0,Monday,11:10:00,12:00:00,2,Sustainability and Circular Economy,FST 359 1.0,FST,FST 359 1.0 Sustainability and Circular Economy,3,NFC2,Dr. Dulani Somendrika,Lecture,0,1,1
Food Science and Tech,0,0,1,0,Monday,14:00:00,15:00:00,1,"Spices, Root Crops",FST 386 1.0,FST,"FST 386 1.0 Spices, Root Crops",3,NFC5,Dr. Dulani Somendrika,Lecture,0,1,1
Food Science and Tech,0,0,1,0,Tuesday,08:55:00,09:45:00,1,Grain Technology,FST 383 1.0,FST,FST 383 1.0 Grain Technology,3,NFC5,Dr. Suraji Senanayake,Lecture,0,1,1
Food Science and Tech,0,0,1,0,Tuesday,10:15:00,11:05:00,1,Fish & Meat Process Technology,FST 374 1.0,FST,FST 374 1.0 Fish & Meat Process Technology,3,NFC5,Prof. I. Wickramasinghe,Lecture,0,1,1
Food Science and Tech,0,1,0,0,Tuesday,10:15:00,11:05:00,1,Fish & Meat Process Technology,FSC 371 1.0,FSC,FSC 371 1.0 Fish & Meat Process Technology,3,NFC5,Prof. I. Wickramasinghe,Lecture,1,0,1
Food Science and Tech,0,0,1,0,Tuesday,11:10:00,12:00:00,1,Dairy Process Technology,FST 399 1.0,FST,FST 399 1.0 Dairy Process Technology,3,NFC5,Prof. R.A.U.J. Marapana,Lecture,0,1,1
Food Science and Tech,0,1,0,0,Tuesday,11:10:00,12:00:00,1,Dairy Technology,FSC 372 1.0,FSC,FSC 372 1.0 Dairy Technology,3,NFC5,Prof. R.A.U.J. Marapana,Lecture,1,0,1
Food Science and Tech,0,0,1,0,Tuesday,13:00:00,14:00:00,1,Fat and Oil Technology,FST 387 1.0,FST,FST 387 1.0 Fat and Oil Technology,3,NFC2,Dr. Piumi Abeysundara,Lecture,0,1,1
Food Science and Tech,0,1,0,0,Tuesday,14:00:00,15:00:00,1,Seminar,FSC 395 1.0,FSC,FSC 395 1.0 Seminar,3,NFC2,Dr. Isuru Wijesekara,Lecture,1,0,1
Food Science and Tech,0,0,1,0,Wednesday,08:55:00,16:00:00,NA,Practicals,FST P,FST,FST P Practicals,3,P,NA,Practicals,0,1,1
Food Science and Tech,0,0,1,0,Thursday,08:00:00,09:45:00,2,Emerging Food Technology,FST 368 2.0,FST,FST 368 2.0 Emerging Food Technology,3,NFC2,Senior Prof. K.K.D.S. Ranaweera,Lecture,0,1,1
Food Science and Tech,0,0,1,0,Thursday,10:15:00,11:05:00,1,Fruit & Vegetable Process & Technology,FST 384 1.0,FST,FST 384 1.0 Fruit & Vegetable Process & Technology,3,NFC5,Prof. R.A.U.J. Marapana,Lecture,0,1,1
Food Science and Tech,0,1,0,0,Thursday,10:15:00,11:05:00,1,Fruit & Vegetable Process & Technology,FSC 373 1.0,FSC,FSC 373 1.0 Fruit & Vegetable Process & Technology,3,NFC5,Prof. R.A.U.J. Marapana,Lecture,1,0,1
Food Science and Tech,0,0,1,0,Thursday,11:10:00,12:00:00,2,Social Mobilization,FST 380 2.0,FST,FST 380 2.0 Social Mobilization,3,NFC2,Prof. Jagath Jayasinghe,Lecture,0,1,1
Food Science and Tech,0,0,1,0,Thursday,13:00:00,14:00:00,1,Food Biotechnology,FSC 362 1.0,FSC,FSC 362 1.0 Food Biotechnology,3,NFC5,Senior Prof. K.K.D.S. Ranaweera,Lecture,1,0,1
Food Science and Tech,0,1,0,0,Thursday,15:00:00,16:00:00,1,Food Packaging,FSC 353 1.0,FSC,FSC 353 1.0 Food Packaging,3,NFC5,Dr. Chathuni Jayathilaka,Lecture,1,0,1
Food Science and Tech,0,0,1,0,Friday,11:10:00,12:00:00,1,Sensory Analysis,FST 362 1.0,FST,FST 362 1.0 Sensory Analysis,3,NFC5,Dr. Chathuni Jayathilaka,Lecture,0,1,1
Food Science and Tech,0,0,1,0,Friday,15:00:00,16:00:00,1,Mechanical Aspects of Food Technology,FST 391 1.0,FST,FST 391 1.0 Mechanical Aspects of Food Technology,3,NFC5,VL,Lecture,0,1,1
Food Science and Tech,0,0,1,0,Friday,08:00:00,08:50:00,1,Introduction to Multivariate Statistics,FST 452 1.0,FST,FST 452 1.0 Introduction to Multivariate Statistics,4,NFC2,Ms. Asha Mallikarachchi,Lecture,0,1,1
Food Science and Tech,0,0,1,0,Friday,08:55:00,09:45:00,1,Nano Technology in Food System,FST 482 1.0,FST,FST 482 1.0 Nano Technology in Food System,4,NFC2,VL,Lecture,0,1,1
Food Science and Tech,0,0,1,0,Friday,10:15:00,12:00:00,1,Career Skills Development,FST 457 1.0,FST,FST 457 1.0 Career Skills Development,4,NFC2,VL,Lecture,0,1,1
Food Science and Tech,0,0,1,0,Friday,13:00:00,14:00:00,1,Industrial Microbiology,FST 481 1.0,FST,FST 481 1.0 Industrial Microbiology,4,NFC2,Dr. Piumi Abeysundara,Lecture,0,1,1
Food Science and Tech,0,0,1,0,Friday,14:00:00,15:00:00,1,Strategic Management,FST 458 1.0,FST,FST 458 1.0 Strategic Management,4,NFC2,Prof. Jagath Jayasinghe,Lecture,0,1,1
Computer Science,1,0,0,0,Monday,08:00:00,09:45:00,2,Software Engineering II,CSC 112 2.0,CSC,CSC 112 2.0 Software Engineering II,1,NFC3,Dr. EATA Edirisuriya,Lecture,1,0,1
Computer Science,1,0,0,0,Tuesday,08:00:00,09:45:00,1,Computer Programming - Laboratory,CSC 111 1.0,CSC,CSC 111 1.0 Computer Programming - Laboratory,1,NFC3,Mr. AMRR Bandara - Ms. FS Sourjah,Lecture,1,0,1
Computer Science,1,0,0,0,Wednesday,10:15:00,12:00:00,2,Object Oriented Programming,CSC 110 2.0,CSC,CSC 110 2.0  Object Oriented Programming,1,NFC3,Dr. TMKK Jinasena,Lecture,1,0,1
Computer Science,1,0,0,0,Wednesday,13:00:00,15:00:00,NA,Practicals,CSC P,CSC,CSC P Practicals,1,P,NA,Practicals,1,0,1
Computer Science,1,0,0,0,Thursday,08:00:00,08:50:00,NA,Tutorial,CSC T,CSC,CSC T Tutorial,1,T,NA,Tutorial,1,0,1
Computer Science,1,0,0,0,Thursday,13:00:00,15:00:00,NA,Practicals,CSC P,CSC,CSC P Practicals,1,P,NA,Practicals,1,0,1
Computer Science,1,0,0,0,Friday,10:15:00,12:00:00,NA,Practicals,CSC P,CSC,CSC P Practicals,1,P,NA,Practicals,1,0,1
Computer Science,1,0,0,0,Monday,10:15:00,12:00:00,2,Database Management Systems,CSC 209 2.0,CSC,CSC 209 2.0 Database Management Systems,2,NFC3,Dr. S Tissera,Lecture,1,0,1
Computer Science,1,0,0,0,Wednesday,08:00:00,09:45:00,1,Computer Graphics,CSC 210 1.0,CSC,CSC 210 1.0 Computer Graphics,2,NFC4,Prof. RGN Meegama,Lecture,1,0,1
Computer Science,1,0,0,0,Wednesday,10:15:00,12:00:00,2,Operating Systems,CSC 208 2.0,CSC,CSC 208 2.0  Operating Systems,2,NFC4,Mr. MDR Perera,Lecture,1,0,1
Computer Science,1,0,0,0,Thursday,10:15:00,12:00:00,NA,Practicals,CSC P,CSC,CSC P Practicals,2,P,NA,Practicals,1,0,1
Computer Science,1,0,0,0,Thursday,13:00:00,15:00:00,NA,Tutorial,CSC T,CSC,CSC T Tutorial,2,T,NA,Tutorial,1,0,1
Computer Science,1,0,0,0,Monday,08:00:00,09:45:00,2,Operations Research,CSC 355 2.0,CSC,CSC 355 2.0 Operations Research,3,Stat Lab,Mr. DDA Gamini,Lecture,0,1,1
Computer Science,1,0,0,0,Monday,13:00:00,15:00:00,1.5,Net Centric Computing,CSC 315 1.5,CSC,CSC 315 1.5 Net Centric Computing,3,NFC4,Prof. RGN Meegama,Lecture,1,1,1
Computer Science,1,0,0,0,Tuesday,08:00:00,09:45:00,2,Software Quality Assurance,CSC 365 2.0,CSC,CSC 365 2.0 Software Quality Assurance,3,PLT,Dr. EATA Edirisuriya,Lecture,1,1,1
Computer Science,1,0,0,0,Tuesday,13:00:00,15:00:00,2,Swarm Intelligence,CSC 361 2.0,CSC,CSC 361 2.0 Swarm Intelligence,3,NFC4,Ms. MKA Ariyaratne,Lecture,1,1,1
Computer Science,1,0,0,0,Wednesday,08:00:00,09:45:00,2,Artificial Intelligence,CSC 316 2.0,CSC,CSC 316 2.0 Artificial Intelligence,3,NFC3,Mr. DDA Gamini,Lecture,1,1,1
Computer Science,1,0,0,0,Wednesday,13:00:00,15:00:00,1.5,Human Computer Interaction,CSC 317 1.5,CSC,CSC 317 1.5 Human Computer Interaction,3,NFC3,Dr. PRS De Silva,Lecture,1,1,1
Computer Science,1,0,0,0,Thursday,08:00:00,09:45:00,NA,Practicals,CSC P,CSC,CSC P Practicals,3,P,NA,Practicals,1,0,1
Computer Science,1,0,0,0,Thursday,08:00:00,09:45:00,2,Theory of Programming Languages,CSC 377 2.0,CSC,CSC 377 2.0  Theory of Programming Languages,3,NFC3,Ms. MKA Ariyaratne,Lecture,0,1,1
Computer Science,1,0,0,0,Thursday,10:15:00,12:00:00,2,Machine Learning II,CSC 375 2.0,CSC,CSC 375 2.0  Machine Learning II,3,LCS2,Prof. TGI Fernando,Lecture,0,1,1
Computer Science,1,0,0,0,Thursday,13:00:00,15:00:00,1.5,Embedded Systems and Internet of Things,CSC 376 1.5,CSC,CSC 376 1.5 Embedded Systems and Internet of Things,3,LCS2,Mr. MDR Perera,Lecture,0,1,1
Botany,0,1,0,0,Monday,08:55:00,12:00:00,NA,Practicals,MBL P,MBL,MBL P Practicals,1,P,NA,Practicals,1,0,1
Botany,0,1,0,0,Monday,13:00:00,16:00:00,NA,Practicals,PBT P,PBT,PBT P Practicals,1,P,NA,Practicals,1,0,1
Botany,0,1,0,0,Monday,14:00:00,16:00:00,NA,Practicals,PBL P,PBL,PBL P Practicals,1,P,NA,Practicals,1,0,1
Botany,0,1,0,0,Tuesday,10:15:00,12:00:00,1,Classical Genetics,PBT/PBL/MBL 126 1.0,PBT/PBL/MBL,PBT/PBL/MBL 126 1.0 Classical Genetics,1,B1,Prof. P.N.Dasanayake,Lecture,1,0,1
Botany,0,1,0,0,Tuesday,10:15:00,12:00:00,1,Principles of Ecology,PBT/PBL/MBL 123 1.0,PBT/PBL/MBL,PBT/PBL/MBL 123 1.0 Principles of Ecology,1,B1,Dr. M.L.A.M.S. Munasinghe,Lecture,1,0,2
Botany,0,1,0,0,Wednesday,13:00:00,15:00:00,1,Plant Development & Propagation,PBT/PBL/MBL 124 1.0,PBT/PBL/MBL,PBT/PBL/MBL 124 1.0 Plant Development & Propagation,1,B1,Prof. W.T.P.S.K.Senarath,Lecture,1,0,1
Botany,0,1,0,0,Wednesday,13:00:00,15:00:00,1,Plant Structure & Function,PBT/PBL/MBL 125 1.0,PBT/PBL/MBL,PBT/PBL/MBL 125 1.0 Plant Structure & Function,1,B1,Prof. W.T.P.S.K.Senarath,Lecture,1,0,2
Botany,0,1,0,0,Wednesday,15:00:00,16:00:00,NA,Tutorial,PBT T,PBT,PBT T Tutorial,1,T,NA,Tutorial,1,0,1
Botany,0,1,0,0,Wednesday,15:00:00,16:00:00,NA,Tutorial,PBL T,PBL,PBL T Tutorial,1,T,NA,Tutorial,1,0,1
Botany,0,1,0,0,Wednesday,15:00:00,16:00:00,NA,Tutorial,MBL T,MBL,MBL T Tutorial,1,T,NA,Tutorial,1,0,1
Botany,0,1,0,0,Monday,08:00:00,08:50:00,NA,Tutorial,PBT T,PBT,PBT T Tutorial,2,T,NA,Tutorial,1,0,1
Botany,0,1,0,0,Tuesday,08:55:00,12:00:00,NA,Practicals,MBL P,MBL,MBL P Practicals,2,P,NA,Practicals,1,0,1
Botany,0,1,0,0,Tuesday,13:00:00,16:00:00,NA,Practicals,PBT P,PBT,PBT P Practicals,2,P,NA,Practicals,1,0,1
Botany,0,1,0,0,Tuesday,13:00:00,16:00:00,NA,Practicals,PBL P,PBL,PBL P Practicals,2,P,NA,Practicals,1,0,1
Botany,0,1,0,0,Wednesday,13:00:00,15:00:00,1,Microbial Genetics,MBL 223 1.0,MBL,MBL 223 1.0  Microbial Genetics,2,S1,Mrs. C.B.Wijerathna,Lecture,1,0,1
Botany,0,1,0,0,Wednesday,13:00:00,15:00:00,2,Molecular Genetics,"
PBT 223 2.0",PBT,"
PBT 223 2.0  Molecular Genetics",2,F1,Dr. I. U. Kariyawasam,Lecture,1,0,1
Botany,0,1,0,0,Wednesday,13:00:00,15:00:00,1,Plant Physiology,"
PBL 224 1.0 
",PBL,"
PBL 224 1.0 
 Plant Physiology",2,SLH - Botany,Dr. R.Wimalasekara,Lecture,1,0,1
Botany,0,1,0,0,Wednesday,13:00:00,15:00:00,1,Fundamentals of Recombinant DNA Technology,PBL 225 1.0,PBL,PBL 225 1.0  Fundamentals of Recombinant DNA Technology,2,SLH - Botany,Prof. P.N.Dasanayake,Lecture,1,0,2
Botany,0,1,0,0,Thursday,10:15:00,12:00:00,1,Phytopathogenic Microorganisms – 1,"MBL 228 1.0
",MBL,"MBL 228 1.0
 Phytopathogenic Microorganisms – 1",2,B1,Ms. H.T.Mandakini,Lecture,1,0,1
Botany,0,1,0,0,Thursday,10:15:00,12:00:00,2,Gene Technology,PBT 224 2.0,PBT,PBT 224 2.0 Gene Technology,2,B2,Prof. P.N.Dasanayake,Lecture,1,0,1
Botany,0,1,0,0,Thursday,10:15:00,12:00:00,2,Genetics,PBL 223 2.0,PBL,PBL 223 2.0  Genetics,2,SLH - Botany,Dr. I. U. Kariyawasam,Lecture,1,0,1
Botany,0,1,0,0,Friday,08:55:00,09:45:00,NA,Tutorial,PBL T,PBL,PBL T Tutorial,2,T,NA,Tutorial,1,0,1
Botany,0,1,0,0,Friday,08:55:00,09:45:00,NA,Tutorial,MBL T,MBL,MBL T Tutorial,2,T,NA,Tutorial,1,0,1
Botany,0,1,0,0,Friday,13:00:00,14:00:00,NA,Tutorial,PBT T,PBT,PBT T Tutorial,2,T,NA,Tutorial,1,0,1
Botany,0,1,0,0,Friday,13:00:00,14:00:00,NA,Tutorial,PBL T,PBL,PBL T Tutorial,2,T,NA,Tutorial,1,0,1
Botany,0,1,0,0,Friday,13:00:00,14:00:00,NA,Tutorial,MBL T,MBL,MBL T Tutorial,2,T,NA,Tutorial,1,0,1
Botany,0,1,0,0,Monday,08:00:00,09:45:00,2,Industrial Biotechnology,PBT 325 2.0,PBT,PBT 325 2.0 Industrial Biotechnology,3,A1,Dr. Kasun Thambugala,Lecture,1,0,1
Botany,0,1,0,0,Monday,08:00:00,08:50:00,1,Economic Botany,PBL 321 1.0,PBL,PBL 321 1.0  Economic Botany,3,B2,Mrs. C.B.Wijerathna,Lecture,1,0,1
Botany,0,1,0,0,Monday,08:55:00,09:45:00,1,Plant Resources,PBL 325 1.0,PBL,PBL 325 1.0  Plant Resources,3,B2,Mrs. C.B.Wijerathna,Lecture,1,0,1
Botany,0,1,0,0,Monday,14:00:00,16:00:00,1,Industrial Management,MBL 326 1.0,MBL,MBL 326 1.0  Industrial Management,3,B1,Mrs. M.W.Kalyani,Lecture,1,0,1
Botany,0,1,0,0,Monday,14:00:00,16:00:00,1,Food & Dairy Microbiology,MBL 323 1.0,MBL,MBL 323 1.0  Food & Dairy Microbiology,3,B1,Ms. H.T.Mandakini,Lecture,1,0,2
Botany,0,1,0,0,Tuesday,15:00:00,16:00:00,1,Medical Biotechnology,PBT 324.1.0,PBT,PBT 324.1.0 Medical Biotechnology,3,B1,Mrs. W.A.S.Wijendra,Lecture,1,0,1
Botany,0,1,0,0,Tuesday,15:00:00,16:00:00,1,Applied Microbiology,PBL 326 1.0,PBL,PBL 326 1.0 Applied Microbiology,3,B3,Ms. H.T.Mandakini,Lecture,1,0,1
Botany,0,1,0,0,Tuesday,16:00:00,17:00:00,1,Bioinformatics & Molecular Modeling,PBT 327 1.0,PBT,PBT 327 1.0 Bioinformatics & Molecular Modeling,3,B1,Dr. I. U. Kariyawasam,Lecture,1,0,1
Botany,0,1,0,0,Wednesday,16:00:00,17:00:00,NA,Tutorial,PBL T,PBL,PBL T Tutorial,3,T,NA,Tutorial,1,0,1
Botany,0,1,0,0,Thursday,13:00:00,14:00:00,1,Medical Microbiology,MBL 324 1.0,MBL,MBL 324 1.0 Medical Microbiology,3,B1,Dr. Janani Kottahachchi,Lecture,1,0,1
Botany,0,1,0,0,Thursday,14:00:00,15:00:00,1,Bioinformatics & Molecular Modeling,MBL 327 1.0,MBL,MBL 327 1.0 Bioinformatics & Molecular Modeling,3,B1,Dr. I. U. Kariyawasam,Lecture,1,0,1
Botany,0,1,0,0,Friday,08:00:00,08:50:00,NA,Tutorial,PBT T,PBT,PBT T Tutorial,3,T,NA,Tutorial,1,0,1
Botany,0,1,0,0,Friday,08:00:00,08:50:00,NA,Tutorial,MBL T,MBL,MBL T Tutorial,3,T,NA,Tutorial,1,0,1
Botany,0,1,0,0,Saturday,13:00:00,16:00:00,NA,Practicals,PBL P,PBL,PBL P Practicals,3,P,NA,Practicals,1,0,1
Botany,0,1,0,0,Sunday,13:00:00,16:00:00,NA,Practicals,PBL P,PBL,PBL P Practicals,3,P,NA,Practicals,1,0,1
Botany,0,1,0,0,Monday,08:55:00,12:00:00,NA,Practicals,MBL P,MBL,MBL P Practicals,3,P,NA,Practicals,1,0,1
Botany,0,1,0,0,Monday,10:15:00,11:05:00,1,Plant Synthetic Biology,PBT 393 1.0,PBT,PBT 393 1.0  Plant Synthetic Biology,3,B2,Dr. R.Wimalasekara,Lecture,0,1,1
Botany,0,1,0,0,Monday,11:10:00,12:00:00,1,Microbial Biochemistry,MBL 383 1.0,MBL,MBL 383 1.0 Microbial Biochemistry,3,B2,Dr. R.Wimalasekara,Lecture,0,1,1
Botany,0,1,0,0,Monday,16:00:00,17:00:00,1,Advanced Microbial Genetics,PBT 386 1.0,PBT,PBT 386 1.0 Advanced Microbial Genetics,3,B2,Dr. Anusha Ekanayaka,Lecture,0,1,1
Botany,0,1,0,0,Tuesday,13:00:00,15:00:00,2,Microbes in Pest Management,MBL 382 2.0,MBL,MBL 382 2.0 Microbes in Pest Management,3,B3,Dr. Wathsala Udari,Lecture,0,1,1
Botany,0,1,0,0,Tuesday,17:00:00,17:45:00,1,Advanced Genetics,PBL 386 1.0,PBL,PBL 386 1.0 Advanced Genetics,3,B3,Dr. I. U. Kariyawasam,Lecture,0,1,1
Botany,0,1,0,0,Wednesday,08:00:00,08:50:00,1,Applications in Nanobiology,PBT 394 1.0,PBT,PBT 394 1.0 Applications in Nanobiology,3,B3,Mrs. C.B.Wijerathna,Lecture,0,1,1
Botany,0,1,0,0,Wednesday,08:00:00,08:50:00,1,Applications in Nanobiology,MBL 394 1.0,MBL,MBL 394 1.0 Applications in Nanobiology,3,B3,Mrs. C.B.Wijerathna,Lecture,0,1,1
Botany,0,1,0,0,Wednesday,08:55:00,09:45:00,1,Marine Biotechnology,PBT 389 1.0,PBT,PBT 389 1.0 Marine Biotechnology,3,B3,Dr. I. U. Kariyawasam,Lecture,0,1,1
Botany,0,1,0,0,Wednesday,15:00:00,17:00:00,2,Biostatistics and Computer Applications,PBL 387 2.0,PBL,PBL 387 2.0 Biostatistics and Computer Applications,3,NFC4,Dr. C. Wickramarachchi,Lecture,0,1,1
Botany,0,1,0,0,Wednesday,15:00:00,17:00:00,2,Biostatistics and Computer Applications,PBT 387 2.0,PBT,PBT 387 2.0 Biostatistics and Computer Applications,3,NFC4,Dr. C. Wickramarachchi,Lecture,0,1,1
Botany,0,1,0,0,Wednesday,15:00:00,17:00:00,2,Biostatistics and Computer Applications,MBL 387 2.0,MBL,MBL 387 2.0 Biostatistics and Computer Applications,3,NFC4,Dr. C. Wickramarachchi,Lecture,0,1,1
Botany,0,1,0,0,Thursday,08:00:00,09:45:00,2,Advanced Phytotaxonomy,PBL 390 2.0,PBL,PBL 390 2.0  Advanced Phytotaxonomy,3,B3,Dr. I. U. Kariyawasam,Lecture,0,1,1
Botany,0,1,0,0,Thursday,08:00:00,09:45:00,2,Advanced Phytotaxonomy,PBT 390 2.0,PBT,PBT 390 2.0  Advanced Phytotaxonomy,3,B3,Dr. I. U. Kariyawasam,Lecture,0,1,1
Botany,0,1,0,0,Thursday,10:15:00,12:00:00,1,Fundamentals of GIS,PBL 384 1.0,PBL,PBL 384 1.0 Fundamentals of GIS,3,F3,Dr. Daham Jayawardana,Lecture,0,1,1
Botany,0,1,0,0,Friday,13:00:00,17:00:00,NA,Practicals,PBT P,PBT,PBT P Practicals,3,P,NA,Practicals,0,1,1
Botany,0,1,0,0,Friday,13:00:00,17:00:00,NA,Practicals,PBL P,PBL,PBL P Practicals,3,P,NA,Practicals,0,1,1
Botany,0,1,0,0,Friday,08:55:00,12:00:00,NA,Practicals,MBL P,MBL,MBL P Practicals,3,P,NA,Practicals,0,1,1
Botany,0,1,0,0,Friday,13:00:00,15:00:00,1,Advanced Mycology,MBL 393 1.0,MBL,MBL 393 1.0  Advanced Mycology,3,B2,Dr. Dimuthu Manamgoda,Lecture,0,1,1
Botany,0,1,0,0,Monday,08:00:00,09:45:00,1,Microbial Enzymes in Biotechnology,MBL 485 1.0,MBL,MBL 485 1.0 Microbial Enzymes in Biotechnology,4,SLH - Botany,Dr. R.Wimalasekara,Lecture,0,1,1
Botany,0,1,0,0,Monday,10:15:00,12:00:00,2,Introduction to Palynology,PBT 484 2.0,PBT,PBT 484 2.0  Introduction to Palynology,4,B3,Dr. R.Wimalasekara,Lecture,0,1,1
Botany,0,1,0,0,Monday,13:00:00,15:00:00,2,Advanced Applied Microbiology,PBL 492 2.0,PBL,PBL 492 2.0 Advanced Applied Microbiology,4,SLH - Botany,Dr. Anusha Ekanayaka,Lecture,0,1,1
Botany,0,1,0,0,Monday,15:00:00,16:00:00,1,Viral Genetics,PBT 495 1.0,PBT,PBT 495 1.0  Viral Genetics,4,B2,Dr. Anusha Ekanayaka,Lecture,0,1,1
Botany,0,1,0,0,Monday,16:00:00,17:00:00,1,Laboratory Management for Microbiologist,MBL 497 1.0,MBL,MBL 497 1.0 Laboratory Management for Microbiologist,4,B3,Mrs. C.B.Wijerathna,Lecture,0,1,1
Botany,0,1,0,0,Tuesday,08:00:00,09:45:00,2,Molecular Diagnosis of Plant Diseases,PBT 499 2.0,PBT,PBT 499 2.0 Molecular Diagnosis of Plant Diseases,4,B3,Dr. Dimuthu Manamgoda,Lecture,0,1,1
Botany,0,1,0,0,Tuesday,08:00:00,09:45:00,2,Molecular Diagnosis of Plant Diseases,MBL 499 2.0,MBL,MBL 499 2.0 Molecular Diagnosis of Plant Diseases,4,B3,Dr. Dimuthu Manamgoda,Lecture,0,1,1
Botany,0,1,0,0,Tuesday,08:00:00,08:50:00,1,Cell Signaling,PBT 486 1.0,PBT,PBT 486 1.0 Cell Signaling,4,B3,Dr. R.Wimalasekara,Lecture,0,1,1
Botany,0,1,0,0,Tuesday,08:55:00,09:45:00,1,Plant Developmental Genetics,PBT 490 1.0,PBT,PBT 490 1.0 Plant Developmental Genetics,4,B3,Dr. R.Wimalasekara,Lecture,0,1,1
Botany,0,1,0,0,Tuesday,10:15:00,12:00:00,2,Environmental Microbiology,MBL 493 2.0,MBL,MBL 493 2.0 Environmental Microbiology,4,B2,Dr. Anusha Ekanayaka,Lecture,0,1,1
Botany,0,1,0,0,Saturday,08:55:00,12:00:00,2,Plant Quarantine,MBL 496 2.0,MBL,MBL 496 2.0  Plant Quarantine,4,B2,Ms. Champika Hewage,Lecture,0,1,1
Botany,0,1,0,0,Saturday,08:55:00,12:00:00,2,Plant Quarantine,PBT 496 2.0,PBT,PBT 496 2.0  Plant Quarantine,4,B2,Ms. Champika Hewage,Lecture,0,1,1
Botany,0,1,0,0,Saturday,13:00:00,15:00:00,2,Crop Protection,PBL 480 2.0,PBL,PBL 480 2.0 Crop Protection,4,B2,Dr. Wathsala Udari,Lecture,0,1,1
Botany,0,1,0,0,Sunday,08:55:00,16:00:00,2,Advanced Plant Pathology,MBL 483 2.0,MBL,MBL 483 2.0 Advanced Plant Pathology,4,B2,Prof. Renuka Aththanayake,Lecture,0,1,1
Botany,0,1,0,0,Sunday,08:55:00,16:00:00,2,Advanced Plant Pathology,PBL 482 2.0,PBL,PBL 482 2.0 Advanced Plant Pathology,4,B2,Prof. Renuka Aththanayake,Lecture,0,1,1
Chemistry,1,1,0,0,Monday,08:00:00,08:50:00,1,Organic Chemistry II,"CHE 109 
1.0",CHE,"CHE 109 
1.0 Organic Chemistry II",1,C1,Prof. C Padumadasa,Lecture,1,0,1
Chemistry,1,1,0,0,Tuesday,08:00:00,09:45:00,2,Introduction to Analytical Chemistry,"CHE 111 
2.0",CHE,"CHE 111 
2.0  Introduction to Analytical Chemistry",1,C1,Prof. C D Jayaweera,Lecture,1,0,1
Chemistry,1,1,0,0,Tuesday,16:00:00,17:00:00,1,Chemical Thermodynamics,"CHE 103 
1.0",CHE,"CHE 103 
1.0  Chemical Thermodynamics",1,C1,Dr. Tharindu Senapathi,Lecture,1,0,1
Chemistry,1,1,0,0,Tuesday,17:00:00,17:45:00,NA,Tutorial,CHE T,CHE,CHE T Tutorial,1,T,NA,Tutorial,1,0,1
Chemistry,1,1,0,0,Friday,08:55:00,16:00:00,NA,Practicals,CHE P,CHE,CHE P Practicals,1,P,NA,Practicals,1,0,1
Chemistry,1,1,0,0,Monday,08:55:00,16:00:00,NA,Practicals,CHE P,CHE,CHE P Practicals,2,P,NA,Practicals,1,0,1
Chemistry,1,1,0,0,Wednesday,10:15:00,11:05:00,1,Organic Spectroscopy,"CHE 203 
1.0",CHE,"CHE 203 
1.0 Organic Spectroscopy",2,C1,Prof. Asiri Perera,Lecture,1,0,1
Chemistry,1,1,0,0,Wednesday,11:10:00,12:00:00,1,Electrochemistry,"CHE 204 
1.0",CHE,"CHE 204 
1.0 Electrochemistry",2,C1,Dr. L Palliyaguru,Lecture,1,0,1
Chemistry,1,1,0,0,Thursday,13:00:00,14:00:00,1,Chemistry of Coordination Compounds,"CHE 202 
1.0",CHE,"CHE 202 
1.0  Chemistry of Coordination Compounds",2,C1,Dr. Isuri Weerarathne,Lecture,1,0,1
Chemistry,1,1,0,0,Thursday,14:00:00,15:00:00,1,Chemical Kinetics,"CHE 206 
1.0",CHE,"CHE 206 
1.0 Chemical Kinetics",2,C1,Dr. Imalka Munaweera,Lecture,1,0,1
Chemistry,1,1,0,0,Friday,16:00:00,17:00:00,NA,Tutorial,CHE T,CHE,CHE T Tutorial,2,T,NA,Tutorial,1,0,1
Chemistry,1,1,0,0,Monday,16:00:00,17:00:00,1,Quality Control and Assurance,"CHE 333 
1.0",CHE,"CHE 333 
1.0 Quality Control and Assurance",3,C1,Dr. Upul Kumarasinghe,Lecture,1,0,1
Chemistry,1,1,0,0,Tuesday,08:00:00,08:50:00,1,Industrial Organic Chemistry,"CHE 345 
1.0",CHE,"CHE 345 
1.0  Industrial Organic Chemistry",3,S1,Dr. Upul Kumarasinghe,Lecture,1,0,1
Chemistry,1,1,0,0,Tuesday,17:00:00,17:45:00,1,Basic Chemical Engineering,"CHE 312 
1.0",CHE,"CHE 312 
1.0 Basic Chemical Engineering",3,C1,VL,Lecture,1,0,1
Chemistry,1,1,0,0,Wednesday,08:00:00,08:50:00,1,Introduction to Molecular Modeling and Designing,"CHE 340 
1.0",CHE,"CHE 340 
1.0  Introduction to Molecular Modeling and Designing",3,C1,Dr. R Jayakody,Lecture,1,0,1
Chemistry,1,1,0,0,Wednesday,08:55:00,16:00:00,NA,Practicals,CHE P,CHE,CHE P Practicals,3,P,NA,Practicals,1,0,1
Chemistry,1,1,0,0,Thursday,08:00:00,08:50:00,1,Structure and Function of Biomolecules,"CHE 330 
1.0",CHE,"CHE 330 
1.0 Structure and Function of Biomolecules",3,C1,Prof. P Godakumbura,Lecture,1,0,1
Chemistry,1,1,0,0,Thursday,08:55:00,09:45:00,1,Industrial Utilization of Plant Materials,"CHE 302 
1.0",CHE,"CHE 302 
1.0 Industrial Utilization of Plant Materials",3,C1,Prof. P Godakumbura,Lecture,1,0,1
Chemistry,1,1,0,0,Monday,08:00:00,09:45:00,2,Organic Synthesis and Industrial Applications,ICH 363 2.0,ICH,ICH 363 2.0 Organic Synthesis and Industrial Applications,3,C3,Dr. Upul Kumarasinghe,Lecture,0,1,1
Chemistry,1,1,0,0,Monday,10:15:00,11:05:00,1,Spectroscopic Techniques for Identification of Organic Compounds,ICH 365 1.0,ICH,ICH 365 1.0 Spectroscopic Techniques for Identification of Organic Compounds,3,C3,Prof. C Padumadasa,Lecture,0,1,1
Chemistry,1,1,0,0,Monday,13:00:00,14:00:00,2,Chemical Kinetics and Thermodynamics,ICH 373 2.0,ICH,ICH 373 2.0 Chemical Kinetics and Thermodynamics,3,C3,Dr. L Palliyaguru - Dr. Tharindu Senapathi,Lecture,0,1,1
Chemistry,1,1,0,0,Monday,15:00:00,17:00:00,2,Food Chemistry and Technology,ICH 369 2.0,ICH,ICH 369 2.0 Food Chemistry and Technology,3,C3,Prof. P Godakumbura,Lecture,0,1,1
Chemistry,1,1,0,0,Tuesday,08:55:00,16:00:00,NA,Practicals,ICH P,ICH,ICH P Practicals,3,P,NA,Practicals,0,1,1
Chemistry,1,1,0,0,Wednesday,08:00:00,09:45:00,2,Molecular Modelling and Computational Chemistry,ICH 370 2.0,ICH,ICH 370 2.0 Molecular Modelling and Computational Chemistry,3,C3,Dr. R Jayakody,Lecture,0,1,1
Chemistry,1,1,0,0,Thursday,08:55:00,09:45:00,1,Spectroscopic Techniques for Identification of Inorganic Complexes,ICH 364 1.0,ICH,ICH 364 1.0 Spectroscopic Techniques for Identification of Inorganic Complexes,3,C3,Prof. NT Perera,Lecture,0,1,1
Chemistry,1,1,0,0,Thursday,10:15:00,12:00:00,2,Microscopic and Scattering Techniques,ICH 367 2.0,ICH,ICH 367 2.0 Microscopic and Scattering Techniques,3,C4,Dr. L Palliyaguru - Dr. S Rajapaksha,Lecture,0,1,1
Chemistry,1,1,0,0,Monday,08:00:00,08:50:00,1,Alternative Energy Sources and Energy Storage Devices,ICH 457 1.0,ICH,ICH 457 1.0 Alternative Energy Sources and Energy Storage Devices,4,SCR,Dr. Isuri Weerarathne,Lecture,0,1,1
Chemistry,1,1,0,0,Monday,10:15:00,12:00:00,2,Petroleum Chemistry and Petrochemical Industry,ICH 476 2.0,ICH,ICH 476 2.0 Petroleum Chemistry and Petrochemical Industry,4,SCR,VL,Lecture,0,1,1
Chemistry,1,1,0,0,Monday,13:00:00,15:00:00,2,"Quality Assurance, Accreditation and Project Management",ICH 484 2.0,ICH,"ICH 484 2.0 Quality Assurance, Accreditation and Project Management",4,SCR,VL,Lecture,0,1,1
Chemistry,1,1,0,0,Monday,10:15:00,11:05:00,1,Advanced Organic Spectroscopy,CHE 358 1.0,CHE,CHE 358 1.0 Advanced Organic Spectroscopy,3,C3,Prof. C Padumadasa,Lecture,0,1,1
Chemistry,1,1,0,0,Monday,11:10:00,12:00:00,1,Advanced Coordination Chemistry,CHE 367 1.0,CHE,CHE 367 1.0 Advanced Coordination Chemistry,3,C3,Dr. M Kartunaratne,Lecture,0,1,1
Chemistry,1,1,0,0,Tuesday,08:00:00,08:50:00,1,Advanced Quantum Chemistry,CHE 362 1.0,CHE,CHE 362 1.0 Advanced Quantum Chemistry,3,C3,Dr. R Jayakody,Lecture,0,1,1
Chemistry,1,1,0,0,Tuesday,08:55:00,16:00:00,NA,Practicals,CHE P,CHE,CHE P Practicals,3,P,NA,Practicals,0,1,1
Chemistry,1,1,0,0,Wednesday,10:15:00,11:05:00,1,Natural Product Chemistry,CHE 384 1.0,CHE,CHE 384 1.0 Natural Product Chemistry,3,C4,Dr. I Fernando,Lecture,0,1,1
Chemistry,1,1,0,0,Wednesday,11:10:00,12:00:00,1,Inorganic Reaction Mechanisms,CHE 354 1.0,CHE,CHE 354 1.0 Inorganic Reaction Mechanisms,3,C4,Dr. Imalka Munaweera,Lecture,0,1,1
Chemistry,1,1,0,0,Thursday,08:00:00,08:50:00,1,Structural Chemistry,CHE 353 1.0,CHE,CHE 353 1.0 Structural Chemistry,3,C3,Dr. M Kartunaratne,Lecture,0,1,1
Chemistry,1,1,0,0,Thursday,08:55:00,09:45:00,1,Spectroscopic Methods in Inorganic Chemistry,CHE 352 1.0,CHE,CHE 352 1.0 Spectroscopic Methods in Inorganic Chemistry,3,C3,Prof. NT Perera,Lecture,0,1,1
Chemistry,1,1,0,0,Thursday,10:15:00,11:05:00,1,Asymmetric Organic Synthesis,CHE 385 1.0,CHE,CHE 385 1.0 Asymmetric Organic Synthesis,3,C3,Dr. Upul Kumarasinghe,Lecture,0,1,1
Chemistry,1,1,0,0,Thursday,11:10:00,12:00:00,1,Biochemistry,CHE 371 1.0,CHE,CHE 371 1.0 Biochemistry,3,C3,Prof. P Godakumbura,Lecture,0,1,1
Chemistry,1,1,0,0,Thursday,13:00:00,14:00:00,1,Advanced Chemical Kinetics,CHE 361 1.0,CHE,CHE 361 1.0 Advanced Chemical Kinetics,3,C3,Dr. Tharindu Senapathi,Lecture,0,1,1
Chemistry,1,1,0,0,Friday,10:15:00,11:05:00,1,Molecular Photochemistry,CHE 369 1.0,CHE,CHE 369 1.0 Molecular Photochemistry,3,C3,Dr. S Rajapaksha,Lecture,0,1,1
Chemistry,1,1,0,0,Friday,11:10:00,12:00:00,1,Diffraction Methods in Chemistry,CHE 365 1.0,CHE,CHE 365 1.0 Diffraction Methods in Chemistry,3,C3,Prof. N Kottegoda,Lecture,0,1,1
Chemistry,1,1,0,0,Monday,10:15:00,11:05:00,1,Solid State Chemistry,CHE 476 1.0,CHE,CHE 476 1.0 Solid State Chemistry,4,C4,Prof. N Kottegoda,Lecture,0,1,1
Chemistry,1,1,0,0,Monday,11:10:00,12:00:00,1,Polymer Chemistry,CHE 456 1.0,CHE,CHE 456 1.0 Polymer Chemistry,4,C4,Prof. Thilini Gunasekara,Lecture,0,1,1
Chemistry,1,1,0,0,Monday,13:00:00,14:00:00,1,New Trends in Organic Synthesis,CHE 401 1.0,CHE,CHE 401 1.0 New Trends in Organic Synthesis,4,C4,Dr. Laksiri Weerasinghe,Lecture,0,1,1
Chemistry,1,1,0,0,Monday,14:00:00,15:00:00,1,Advanced Surface Chemistry,CHE 458 1.0,CHE,CHE 458 1.0 Advanced Surface Chemistry,4,C4,Dr. L Palliyaguru,Lecture,0,1,1
Chemistry,1,1,0,0,Monday,16:00:00,17:00:00,1,Quality Control and Assurance,CHE 485 1.0,CHE,CHE 485 1.0 Quality Control and Assurance,4,C1,Dr. Ushantha Jayalath,Lecture,0,1,1
Chemistry,1,1,0,0,Tuesday,08:00:00,08:50:00,1,Polymer Technology,CHE 464 1.0,CHE,CHE 464 1.0 Polymer Technology,4,C4,Dr. Chandima Narangoda,Lecture,0,1,1
Chemistry,1,1,0,0,Tuesday,10:15:00,11:05:00,1,Chemistry of Plant products and their Applications in Industry,CHE 466 1.0,CHE,CHE 466 1.0 Chemistry of Plant products and their Applications in Industry,4,C4,Prof. P Godakumbura,Lecture,0,1,1
Chemistry,1,1,0,0,Tuesday,11:10:00,12:00:00,1,Basic Chemical Engineering,CHE 461 1.0,CHE,CHE 461 1.0 Basic Chemical Engineering,4,C4,VL,Lecture,0,1,1
Chemistry,1,1,0,0,Tuesday,13:00:00,14:00:00,1,Medicinal Chemistry,CHE 454 1.0,CHE,CHE 454 1.0 Medicinal Chemistry,4,C4,Dr. Upul Kumarasinghe,Lecture,0,1,1
Chemistry,1,1,0,0,Wednesday,08:55:00,09:45:00,1,Supramolecular Chemistry,CHE 491 1.0,CHE,CHE 491 1.0 Supramolecular Chemistry,4,C4,Dr. I Fernando,Lecture,0,1,1
Chemistry,1,1,0,0,Wednesday,11:10:00,12:00:00,1,Atmospheric Chemistry,CHE 498 1.0,CHE,CHE 498 1.0 Atmospheric Chemistry,4,C4,Prof. C D Jayaweera,Lecture,0,1,1
Chemistry,1,1,0,0,Wednesday,13:00:00,14:00:00,1,Molecular Spectroscopy,CHE 457 1.0,CHE,CHE 457 1.0 Molecular Spectroscopy,4,C4,Prof. N Kottegoda,Lecture,0,1,1
Polymer Science,1,1,0,0,Monday,08:55:00,11:05:00,3,Polymeric Materials,PSC 104 3.0,PSC,PSC 104 3.0 Polymeric Materials,1,C2,Prof. Laleen Karunanayake - Dr. Dammika Weerathunga,Lecture,1,0,1
Polymer Science,1,1,0,0,Monday,08:00:00,09:45:00,NA,Tutorial,PSC T,PSC,PSC T Tutorial,2,T,NA,Tutorial,1,0,1
Polymer Science,1,1,0,0,Monday,10:15:00,11:05:00,1,Polymer Blends and Composite,PST 301 1.0,PST,PST 301 1.0 Polymer Blends and Composite,3,C2,Dr. Thusitha Etampawala,Lecture,1,0,1
Polymer Science,1,1,0,0,Monday,11:10:00,12:00:00,1,Introduction to Engineering Materials,PST 313 1.0,PST,PST 313 1.0 Introduction to Engineering Materials,3,C2,Dr. Sulashi Samarasinghe,Lecture,1,0,1
Polymer Science,1,1,0,0,Tuesday,13:00:00,14:00:00,3,Polymeric Materials,PSC 104 3.0,PSC,PSC 104 3.0 Polymeric Materials,1,C1,Prof. Laleen Karunanayake - Dr. Dammika Weerathunga,Lecture,1,0,1
Polymer Science,1,1,0,0,Tuesday,14:00:00,15:00:00,NA,Tutorial,PSC T,PSC,PSC T Tutorial,1,T,NA,Tutorial,1,0,1
Polymer Science,1,1,0,0,Tuesday,08:55:00,09:45:00,1,Polymer Kinetics,PSC 205 1.0,PSC,PSC 205 1.0 Polymer Kinetics,2,C2,Dr. Madhubhashini Maddumaarachchi,Lecture,1,0,1
Polymer Science,1,1,0,0,Tuesday,13:00:00,15:00:00,2,Polymer Characterization,PSC 202 2.0,PSC,PSC 202 2.0 Polymer Characterization,2,C2,Prof. Thilini Gunasekara,Lecture,1,0,1
Polymer Science,1,1,0,0,Tuesday,15:00:00,16:00:00,NA,Tutorial,PSC T,PSC,PSC T Tutorial,2,T,NA,Tutorial,1,0,1
Polymer Science,1,1,0,0,Tuesday,08:55:00,12:00:00,NA,Practicals,PST P,PST,PST P Practicals,3,P,NA,Practicals,1,0,1
Polymer Science,1,1,0,0,Tuesday,13:00:00,15:00:00,2,Polymers in Textile Industry,PSC 318 2.0,PSC,PSC 318 2.0 Polymers in Textile Industry,3,C3,Dr. Sulashi Samarasinghe,Lecture,1,0,1
Polymer Science,1,1,0,0,Wednesday,08:55:00,09:45:00,NA,Tutorial,PST T,PST,PST T Tutorial,1,T,NA,Tutorial,1,0,1
Polymer Science,1,1,0,0,Wednesday,10:15:00,12:00:00,2,Polymer Degradation,PST 103 2.0,PST,PST 103 2.0 Polymer Degradation,1,C2,Prof. Thilini Gunasekara,Lecture,1,0,1
Polymer Science,1,1,0,0,Wednesday,17:00:00,17:45:00,NA,Tutorial,PST T,PST,PST T Tutorial,1,T,NA,Tutorial,1,0,1
Polymer Science,1,1,0,0,Wednesday,17:00:00,17:45:00,NA,Tutorial,PST T,PST,PST T Tutorial,2,T,NA,Tutorial,1,0,1
Polymer Science,1,1,0,0,Thursday,10:15:00,11:05:00,NA,Tutorial,PSC T,PSC,PSC T Tutorial,1,T,NA,Tutorial,1,0,1
Polymer Science,1,1,0,0,Thursday,13:00:00,15:00:00,NA,Tutorial,PSC T,PSC,PSC T Tutorial,1,T,NA,Tutorial,1,0,1
Polymer Science,1,1,0,0,Thursday,08:00:00,09:45:00,2,Polymer Processing and Product Testing,PSC 206 2.0,PSC,PSC 206 2.0 Polymer Processing and Product Testing,2,C2,Prof. Shantha Walpalage - Dr. Dammika Weerathunga,Lecture,1,0,1
Polymer Science,1,1,0,0,Thursday,10:15:00,12:00:00,2,Introduction to Waste Water Treatment processes in Polymer Industry,PST 314 2.0,PST,PST 314 2.0 Introduction to Waste Water Treatment processes in Polymer Industry,3,C2,Dr. Dammika Weerathunga,Lecture,1,0,1
Polymer Science,1,1,0,0,Thursday,13:00:00,14:00:00,1,Environment and Polymer Industry,PST 315 1.0,PST,PST 315 1.0 Environment and Polymer Industry,3,NFC6,Prof. S.D.M. Chinthaka,Lecture,1,0,1
Polymer Science,1,1,0,0,Thursday,14:00:00,15:00:00,NA,Tutorial,PST T,PST,PST T Tutorial,3,T,NA,Tutorial,1,0,1
Polymer Science,1,1,0,0,Friday,08:00:00,08:50:00,NA,Tutorial,PST T,PST,PST T Tutorial,1,T,NA,Tutorial,1,0,1
Polymer Science,1,1,0,0,Friday,08:55:00,16:00:00,NA,Practicals,PST P,PST,PST P Practicals,2,P,NA,Practicals,1,0,1
Polymer Science,1,1,0,0,Monday,08:55:00,12:00:00,NA,Practicals,PCH P,PCH,PCH P Practicals,3,P,NA,Practicals,0,1,1
Polymer Science,1,1,0,0,Monday,13:00:00,16:00:00,NA,Practicals,PCH P,PCH,PCH P Practicals,3,P,NA,Practicals,0,1,1
Polymer Science,1,1,0,0,Tuesday,08:55:00,11:05:00,2,Polymer Industry and Its Environment Impact,PCH 364 2.0,PCH,PCH 364 2.0 Polymer Industry and Its Environment Impact,3,NFC6,Prof. S.D.M. Chinthaka,Lecture,0,1,1
Polymer Science,1,1,0,0,Tuesday,11:10:00,12:00:00,2,Advanced Concepts in Thermodynamics and Statistical Thermodynamics,PCH 371 2.0,PCH,PCH 371 2.0 Advanced Concepts in Thermodynamics and Statistical Thermodynamics,3,NFC6,Dr. Thusitha Etampawala,Lecture,0,1,1
Polymer Science,1,1,0,0,Tuesday,13:00:00,15:00:00,2,Polymers in Textile Industry,PCH 369 2.0,PCH,PCH 369 2.0 Polymers in Textile Industry,3,C3,Dr. Sulashi Samarasinghe,Lecture,0,1,1
Polymer Science,1,1,0,0,Tuesday,15:00:00,16:00:00,2,Organic Synthesis,PCH 370 2.0,PCH,PCH 370 2.0 Organic Synthesis,3,C2,Dr. Sampath Gunathilaka,Lecture,0,1,1
Polymer Science,1,1,0,0,Wednesday,08:00:00,08:50:00,1,Molecular Modeling and Computational Chemistry,PCH 365 1.0,PCH,PCH 365 1.0 Molecular Modeling and Computational Chemistry,3,Online,Dr. Ranga Jayakody,Lecture,0,1,1
Polymer Science,1,1,0,0,Wednesday,08:55:00,12:00:00,NA,Practicals,PCH P,PCH,PCH P Practicals,3,P,NA,Practicals,0,1,1
Polymer Science,1,1,0,0,Wednesday,13:00:00,16:00:00,NA,Practicals,PCH P,PCH,PCH P Practicals,3,P,NA,Practicals,0,1,1
Polymer Science,1,1,0,0,Wednesday,16:00:00,17:00:00,2,Organic Synthesis,PCH 370 2.0,PCH,PCH 370 2.0 Organic Synthesis,3,C2,Dr. Sampath Gunathilaka,Lecture,0,1,1
Polymer Science,1,1,0,0,Thursday,08:00:00,08:50:00,2,Advanced Concepts in Thermodynamics and Statistical Thermodynamics,PCH 371 2.0,PCH,PCH 371 2.0 Advanced Concepts in Thermodynamics and Statistical Thermodynamics,3,NFC6,Dr. Thusitha Etampawala,Lecture,0,1,1
Polymer Science,1,1,0,0,Thursday,10:15:00,12:00:00,2,Advanced Organic and Inorganic Spectroscopy,PCH 360 2.0,PCH,PCH 360 2.0 Advanced Organic and Inorganic Spectroscopy,3,NFC6,Dr. Narangoda,Lecture,0,1,1
Polymer Science,1,1,0,0,Thursday,14:00:00,15:00:00,1,Degradable Polymer Technology,PCH 356 1.0,PCH,PCH 356 1.0 Degradable Polymer Technology,3,C2,Prof. Thilini Gunasekara,Lecture,0,1,1
Polymer Science,1,1,0,0,Monday,13:00:00,15:00:00,2,Current Trends in Polymer Science,PCH 457 2.0,PCH,PCH 457 2.0 Current Trends in Polymer Science,4,NFC6,All,Lecture,0,1,1
Polymer Science,1,1,0,0,Thursday,10:15:00,11:05:00,1,Analysis of Macromolecules,PCH 465 1.0,PCH,PCH 465 1.0 Analysis of Macromolecules,4,C3,Dr. Madhubhashini Maddumaarachchi,Lecture,0,1,1
Polymer Science,1,1,0,0,Thursday,13:00:00,14:00:00,1,Advanced Inorganic Polymers,PCH 462 1.0,PCH,PCH 462 1.0 Advanced Inorganic Polymers,4,C2,Dr. Sampath Gunathilaka,Lecture,0,1,1
Polymer Science,1,1,0,0,Friday,10:15:00,12:00:00,2,Advanced Polymer Materials,PCH 458 2.0,PCH,PCH 458 2.0 Advanced Polymer Materials,4,C2,Dr. Sampath Gunathilaka,Lecture,0,1,1
Polymer Science,1,1,0,0,Friday,13:00:00,14:00:00,1,Finite Element Analysis,PCH 456 1.0,PCH,PCH 456 1.0 Finite Element Analysis,4,C2,Prof. Shantha Walpalage,Lecture,0,1,1
Sports Science,0,0,0,1,Monday,08:00:00,09:45:00,2,Basic Biochemistry,SSM 106 2.0,SSM,SSM 106 2.0 Basic Biochemistry,1,NFC6,Dr. S. Weerasinghe,Lecture,0,1,1
Sports Science,0,0,0,1,Monday,10:15:00,12:00:00,1,General Anatomy I,SSM 125 1.0,SSM,SSM 125 1.0 General Anatomy I,1,O,NA,Lecture,0,1,1
Sports Science,0,0,0,1,Monday,13:00:00,15:00:00,2,Sports Biomechanics,SSM 108 2.0,SSM,SSM 108 2.0 Sports Biomechanics,1,NFC6,Mr. K.P. Manawadu - Mr. K.P.I. Silva,Lecture,0,1,1
Sports Science,0,0,0,1,Monday,15:00:00,17:00:00,2,Aerobics for Health Promotion,SSM 192 2.0,SSM,SSM 192 2.0 Aerobics for Health Promotion,1,NFC6,Ms. Kalani Harshala - Mr. D.S.L. Perera,Lecture,0,1,1
Sports Science,0,0,0,1,Monday,08:00:00,11:05:00,2,FMSA of Coordination Sports Hockey,SSM 293 2.0,SSM,SSM 293 2.0 FMSA of Coordination Sports Hockey,2,O,Dr. S.K. Fernando,Lecture,0,1,1
Sports Science,0,0,0,1,Monday,14:00:00,17:00:00,2,FMSA of Coordination Sports Cricket,SSM 293 2.0,SSM,SSM 293 2.0 FMSA of Coordination Sports Cricket,2,O,Mr. L.H.M.P. De Silva,Lecture,0,1,1
Sports Science,0,0,0,1,Monday,10:15:00,12:00:00,2,Operations Research in Sports,SSM 367 2.0,SSM,SSM 367 2.0 Operations Research in Sports,3,NFC6,Dr. H.P.N. Perera,Lecture,0,1,1
Sports Science,0,0,0,1,Monday,13:00:00,15:00:00,2,Financial Management,SSM 364 2.0,SSM,SSM 364 2.0 Financial Management,3,B2,Ms. M.H. Kumaragamage,Lecture,0,1,1
Sports Science,0,0,0,1,Tuesday,10:15:00,12:00:00,1,Physiology I,SSM 124 1.0,SSM,SSM 124 1.0 Physiology I,1,O,NA,Lecture,0,1,1
Sports Science,0,0,0,1,Tuesday,15:00:00,16:00:00,1,Sports Sociology,SSM 155 1.0,SSM,SSM 155 1.0 Sports Sociology,1,NFC6,Dr. S.K. Fernando,Lecture,0,1,1
Sports Science,0,0,0,1,Tuesday,16:00:00,17:00:00,NA,Tutorial,SSM T,SSM,SSM T Tutorial,1,T,NA,Tutorial,0,1,1
Sports Science,0,0,0,1,Tuesday,08:00:00,09:45:00,2,Financial Accounting,SSM 260 2.0,SSM,SSM 260 2.0 Financial Accounting,2,NFC6,Dr. H.P.N. Perera,Lecture,0,1,1
Sports Science,0,0,0,1,Tuesday,10:15:00,12:00:00,2,Applied Sports and Ex. Psychol.,SSM 254 2.0,SSM,SSM 254 2.0 Applied Sports and Ex. Psychol.,2,NFC6,Mrs. A.M.G.C.P. Adikari,Lecture,0,1,1
Sports Science,0,0,0,1,Tuesday,13:00:00,16:00:00,2,Mixed Martial ArtsTaekwondo,SSM 294 2.0,SSM,SSM 294 2.0 Mixed Martial ArtsTaekwondo,2,O,Miss. Shalini Bandara Dissanayake,Lecture,0,1,1
Sports Science,0,0,0,1,Tuesday,08:00:00,09:45:00,NA,Practicals,SSM P,SSM,SSM P Practicals,3,P,NA,Practicals,0,1,1
Sports Science,0,0,0,1,Tuesday,13:00:00,15:00:00,2,Sports for Special Population,SSM 388 2.0,SSM,SSM 388 2.0 Sports for Special Population,3,NFC6,Mr. D.S.L. Perera - Dr. M.A.S. Udayanga,Lecture,0,1,1
Sports Science,0,0,0,1,Wednesday,10:15:00,12:00:00,1,Introduction to Mathematical Software,SSM 111 1.0,SSM,SSM 111 1.0  Introduction to Mathematical Software,1,M1,Dr. M.T.M. Perera - Mr. Chameera Ginige,Lecture,0,1,1
Sports Science,0,0,0,1,Wednesday,13:00:00,16:00:00,1,FMSA Gymnastics,SSM 191 1.0,SSM,SSM 191 1.0 FMSA Gymnastics,1,O,Ms. Chalanima Kariyawasam,Lecture,0,1,1
Sports Science,0,0,0,1,Wednesday,08:00:00,09:45:00,2,Exercise andSports Physiology,SSM 225 2.0,SSM,SSM 225 2.0 Exercise andSports Physiology,2,NFC6,Mrs. A.M.G.C.P. Adikari - Dr. M.A.S. Udayanga,Lecture,0,1,1
Sports Science,0,0,0,1,Wednesday,10:15:00,12:00:00,2,Mixed Martial Arts Wrestling,SSM 294 2.0,SSM,SSM 294 2.0  Mixed Martial Arts Wrestling,2,O,Mr. Hansaka Kapukotuwa - Mrs. Sandakan Tharaka,Lecture,0,1,1
Sports Science,0,0,0,1,Wednesday,13:00:00,14:00:00,2,Mixed Martial Arts Wrestling,SSM 294 2.0,SSM,SSM 294 2.0  Mixed Martial Arts Wrestling,2,O,Mr. Hansaka Kapukotuwa - Mrs. Sandakan Tharaka,Lecture,0,1,1
Sports Science,0,0,0,1,Wednesday,14:00:00,15:00:00,1,LTAD,SSM 272 1.0,SSM,SSM 272 1.0  LTAD,2,NFC6,Dr. M.A.S. Udayanga,Lecture,0,1,1
Sports Science,0,0,0,1,Wednesday,08:00:00,09:45:00,2,Dietetics,SSM 375 2.0,SSM,SSM 375 2.0 Dietetics,3,NFC6,Dr. S. Weerasinghe,Lecture,0,1,1
Sports Science,0,0,0,1,Wednesday,10:15:00,12:00:00,2,Sport Org. Behaviour,SSM 366 2.0,SSM,SSM 366 2.0 Sport Org. Behaviour,3,NFC6,Mr. A.L.K.R. Fernando - Ms. M.H. Kumaragamage,Lecture,0,1,1
Sports Science,0,0,0,1,Wednesday,13:00:00,15:00:00,2,Analytic Methods in Sports,SSM 374 2.0,SSM,SSM 374 2.0 Analytic Methods in Sports,3,NFC6,Dr. R. Silva,Lecture,0,1,1
Sports Science,0,0,0,1,Wednesday,15:00:00,17:00:00,1,Advanced Training Methods in Selected Sports,SSM 390 1.0,SSM,SSM 390 1.0 Advanced Training Methods in Selected Sports,3,NFC6,Mr. K.P. Manawadu - Mr. L.H.M.P. De Silva,Lecture,0,1,1
Sports Science,0,0,0,1,Thursday,08:00:00,12:00:00,1,FMSA of Athletics II,SSM 189 1.0,SSM,SSM 189 1.0 FMSA of Athletics II,1,O,Mr. L.H.M.P. De Silva,Lecture,0,1,1
Sports Science,0,0,0,1,Thursday,13:00:00,15:00:00,3,FMSA of Ball Games Basketball,SSM 190 3.0,SSM,SSM 190 3.0 FMSA of Ball Games Basketball,1,O,Mr. K.P.I. Silva,Lecture,0,1,1
Sports Science,0,0,0,1,Thursday,08:00:00,09:45:00,2,Analytic Methods in Sports,SSM 203 2.0,SSM,SSM 203 2.0 Analytic Methods in Sports,2,NFC6,Dr. R. Silva - Mr. K.P.I. Silva,Lecture,0,1,1
Sports Science,0,0,0,1,Thursday,10:15:00,12:00:00,2,Strength and Conditioning,SSM 271 2.0,SSM,SSM 271 2.0 Strength and Conditioning,2,NFC6,Mr. K.P. Manawadu,Lecture,0,1,1
Sports Science,0,0,0,1,Thursday,13:00:00,15:00:00,0,Professional Skills Development II,SSM 216 0.0,SSM,SSM 216 0.0 Professional Skills Development II,2,O,Ms. L.Y.K. Mendis,Lecture,0,1,1
Sports Science,0,0,0,1,Thursday,08:00:00,12:00:00,2,Practicum in Sports and Physical Education,SSM 352 2.0,SSM,SSM 352 2.0 Practicum in Sports and Physical Education,3,O,Mr. D.S.L. Perera,Lecture,0,1,1
Sports Science,0,0,0,1,Thursday,13:00:00,14:00:00,2,Practicum in Sports and Physical Education,SSM 352 2.0,SSM,SSM 352 2.0 Practicum in Sports and Physical Education,3,NFC6,Mr. D.S.L. Perera,Lecture,0,1,1
Sports Science,0,0,0,1,Thursday,14:00:00,15:00:00,NA,Tutorial,SSM T,SSM,SSM T Tutorial,3,T,NA,Tutorial,0,1,1
Sports Science,0,0,0,1,Friday,08:00:00,11:05:00,3,FMSA of Ball Games Football,SSM 190 3.0,SSM,SSM 190 3.0 FMSA of Ball Games Football,1,O,Mrs. Sandakan Tharaka,Lecture,0,1,1
Sports Science,0,0,0,1,Friday,13:00:00,15:00:00,3,FMSA of Ball Games Netball,SSM 190 3.0,SSM,SSM 190 3.0 FMSA of Ball Games Netball,1,O,Mrs. Sandakan Tharaka,Lecture,0,1,1
Sports Science,0,0,0,1,Friday,08:00:00,11:05:00,2,Mixed Martial ArtsBoxing,SSM 294 2.0,SSM,SSM 294 2.0 Mixed Martial ArtsBoxing,2,O,Mr. Gihan Maduwantha - Mr. Chameera Ginige,Lecture,0,1,1
Sports Science,0,0,0,1,Friday,14:00:00,17:00:00,2,FMSA of Coordination Sports Baseball,SSM 293 2.0,SSM,SSM 293 2.0 FMSA of Coordination Sports Baseball,2,O,Mr. Vihanga De Silva - Mr. L.H.M.P. De Silva,Lecture,0,1,1
Sports Science,0,0,0,1,Friday,08:00:00,09:45:00,2,Practicum in Sports and Physical Education,SSM 352 2.0,SSM,SSM 352 2.0 Practicum in Sports and Physical Education,3,O,Mr. D.S.L. Perera,Lecture,0,1,1
Sports Science,0,0,0,1,Friday,10:15:00,12:00:00,2,Sport Ent. and Business Dev.,SSM 365 2.0,SSM,SSM 365 2.0 Sport Ent. and Business Dev.,3,NFC6,Mr. A.L.K.R. Fernando,Lecture,0,1,1
Sports Science,0,0,0,1,Friday,13:00:00,15:00:00,2,Practicum in Sports and Physical Education,SSM 352 2.0,SSM,SSM 352 2.0 Practicum in Sports and Physical Education,3,B2,Mr. D.S.L. Perera,Lecture,0,1,1
Sports Science,0,0,0,1,Friday,08:00:00,09:45:00,2,Sp. Event Management,SSM 463 2.0,SSM,SSM 463 2.0 Sp. Event Management,4,NFC6,Mr. A.L.K.R. Fernando - Ms. M.H. Kumaragamage,Lecture,0,1,1
Sports Science,0,0,0,1,Friday,10:15:00,12:00:00,2,Dietetics,SSM 403 2.0,SSM,SSM 403 2.0 Dietetics,4,NFC6,Dr. S. Weerasinghe,Lecture,0,1,1
Sports Science,0,0,0,1,Friday,13:00:00,14:00:00,2,Coaching Ed.,SSM 481 2.0,SSM,SSM 481 2.0 Coaching Ed.,4,NFC6,Mrs. A.M.G.C.P. Adikari,Lecture,0,1,1
Sports Science,0,0,0,1,Saturday,08:00:00,12:00:00,3,FMSA of Ball Games Volleyball,SSM 190 3.0,SSM,SSM 190 3.0  FMSA of Ball Games Volleyball,1,O,Mr. Udayantha Shaminda - Mr. L.H.M.P. De Silva,Lecture,0,1,1
Sports Science,0,0,0,1,Saturday,13:00:00,17:00:00,1,Introduction to IT,SSM 110 1.0,SSM,SSM 110 1.0  Introduction to IT,1,O,Mr. P.H.A.B. Shantha - Mr. Chameera Ginige,Lecture,0,1,1
Genetics and Molecular Biology Unit,0,1,0,0,Monday,10:15:00,12:00:00,2,Techniques in Molecular Biology and Genetic Engineering,GMB 105 2.0,GMB,GMB 105 2.0 Techniques in Molecular Biology and Genetic Engineering,1,B3,Dr. Kasun Thambugala - Dr. Dilakshini Dayananda,Lecture,1,0,1
Genetics and Molecular Biology Unit,0,1,0,0,Tuesday,10:15:00,12:00:00,2,Fundamentals of Molecular genetics,GMB 103 2.0,GMB,GMB 103 2.0 Fundamentals of Molecular genetics,1,B3,Dr. Hiruni Harischandra,Lecture,1,0,1
Genetics and Molecular Biology Unit,0,1,0,0,Wednesday,13:00:00,16:00:00,NA,Practicals,GMB P,GMB,GMB P Practicals,1,P,NA,Practicals,1,0,1
Genetics and Molecular Biology Unit,0,1,0,0,Monday,10:15:00,11:05:00,1,Genomics and Proteomics,GMB 203 1.0,GMB,GMB 203 1.0 Genomics and Proteomics,2,F2,Dr. Samawansha Thennakoon,Lecture,1,0,1
Genetics and Molecular Biology Unit,0,1,0,0,Monday,11:10:00,12:00:00,1,Gene Expression and Regulation,GMB 205 1.0,GMB,GMB 205 1.0 Gene Expression and Regulation,2,F2,Dr. Pamoda Jayathunga,Lecture,1,0,1
Genetics and Molecular Biology Unit,0,1,0,0,Wednesday,08:00:00,09:45:00,2,Microbes and Microbial Genetics,GMB 204 2.0,GMB,GMB 204 2.0 Microbes and Microbial Genetics,2,B3,Dr. Kasun Thambugala,Lecture,1,0,1
Genetics and Molecular Biology Unit,0,1,0,0,Friday,08:55:00,12:00:00,NA,Practicals,GMB P,GMB,GMB P Practicals,2,P,NA,Practicals,1,0,1
Genetics and Molecular Biology Unit,0,1,0,0,Monday,08:00:00,08:50:00,2,Immunology,GMB 302 2.0,GMB,GMB 302 2.0 Immunology,3,NA,Dr. Varuni Gunathilake,Lecture,1,0,1
Genetics and Molecular Biology Unit,0,1,0,0,Monday,08:55:00,12:00:00,1,Human Genetics and Counseling,GMB 318 1.0,GMB,GMB 318 1.0 Human Genetics and Counseling,3,A1,Dr. Gayani Galhena,Lecture,1,0,1
Genetics and Molecular Biology Unit,0,1,0,0,Monday,13:00:00,15:00:00,1,Advanced  Laboratory  Techniques,GMB 337 1.0,GMB,GMB 337 1.0 Advanced  Laboratory  Techniques,3,C2,Dr. Pamoda Jayathunga,Lecture,0,1,1
Genetics and Molecular Biology Unit,0,1,0,0,Tuesday,08:55:00,12:00:00,NA,Practicals,GMB P,GMB,GMB P Practicals,3,P,NA,Practicals,1,1,1
Genetics and Molecular Biology Unit,0,1,0,0,Tuesday,15:00:00,17:00:00,2,Research Methodology,GMB 320 2.0,GMB,GMB 320 2.0 Research Methodology,3,B3,Prof. Upul Subasinghe,Lecture,0,1,1
Genetics and Molecular Biology Unit,0,1,0,0,Wednesday,08:00:00,09:45:00,1,Molecular Modeling and Computer Biochemistry,GMB 321 1.0,GMB,GMB 321 1.0 Molecular Modeling and Computer Biochemistry,3,A1,Dr. Ranga Jayakody,Lecture,1,0,1
Genetics and Molecular Biology Unit,0,1,0,0,Wednesday,10:15:00,12:00:00,2,Protein Engineering,GMB 323 2.0,GMB,GMB 323 2.0 Protein Engineering,3,B3,Dr. Pamoda Jayathunga,Lecture,1,0,1
Genetics and Molecular Biology Unit,0,1,0,0,Thursday,08:00:00,09:45:00,1,Epigenetics,GMB 342 1.0,GMB,GMB 342 1.0 Epigenetics,3,NA,Dr. Chanika Jayasinghe,Lecture,0,1,1
Genetics and Molecular Biology Unit,0,1,0,0,Thursday,13:00:00,14:00:00,2,RNA Biology,GMB 322 2.0,GMB,GMB 322 2.0 RNA Biology,3,F2,Dr. Dilantha Gunawardena - Dr. Dilakshini Dayananda,Lecture,1,0,1
Genetics and Molecular Biology Unit,0,1,0,0,Friday,13:00:00,15:00:00,2,Molecular Entomology,GMB 326 2.0,GMB,GMB 326 2.0 Molecular Entomology,3,B3,Prof. Nissanka de Silva,Lecture,1,0,1
Genetics and Molecular Biology Unit,0,1,0,0,Monday,08:00:00,08:50:00,2,Molecular Immunology,GMB 404 2.0,GMB,GMB 404 2.0  Molecular Immunology,4,NA,Dr. Varuni Gunathilake,Lecture,0,1,1
Genetics and Molecular Biology Unit,0,1,0,0,Monday,13:00:00,16:00:00,2,Molecular Evolution,GMB 416 2.0,GMB,GMB 416 2.0 Molecular Evolution,4,B3,Dr. Sachini Fernando,Lecture,0,1,1
Genetics and Molecular Biology Unit,0,1,0,0,Tuesday,10:15:00,12:00:00,2,Systems Biology,GMB 417 2.0,GMB,GMB 417 2.0 Systems Biology,4,A1,Dr. Samawansha Thennakoon,Lecture,0,1,1
Genetics and Molecular Biology Unit,0,1,0,0,Tuesday,13:00:00,15:00:00,2,Neurobiology,GMB 408 2.0,GMB,GMB 408 2.0 Neurobiology,4,B2,Mr. WHMDNB Wijekoon - Mr. Buddika Lakmal Gonawala,Lecture,0,1,1
Genetics and Molecular Biology Unit,0,1,0,0,Saturday,08:55:00,11:05:00,2,Molecular Basis of Diseases,GMB 414 2.0,GMB,GMB 414 2.0  Molecular Basis of Diseases,4,B3,Prof. Dinithi Peiris,Lecture,0,1,1
Computer Science,1,0,0,0,Monday,10:15:00,12:00:00,2,Software Engineering II,ICT 131 2.0,ICT,ICT 131 2.0 Software Engineering II,1,NFC6,Ms. MKA Ariyaratne,Lecture,1,0,1
Computer Science,1,0,0,0,Tuesday,08:00:00,09:45:00,1,Computer Programming - Laboratory II,ICT 130 1.0,ICT,ICT 130 1.0 Computer Programming - Laboratory II,1,BLC,Dr. S Tissera - Ms. FS Sourjah,Lecture,1,0,1
Computer Science,1,0,0,0,Wednesday,10:15:00,12:00:00,NA,Practicals,ICT P,ICT,ICT P   Practicals,1,P,NA,Practicals,1,0,1
Computer Science,1,0,0,0,Wednesday,13:00:00,15:00:00,NA,Tutorial,ICT T,ICT,ICT T Tutorial,1,T,NA,Tutorial,1,0,1
Computer Science,1,0,0,0,Thursday,13:00:00,15:00:00,2,Object Oriented Programming,ICT 129 2.0,ICT,ICT 129 2.0 Object Oriented Programming,1,NFC3,Dr. S Tissera,Lecture,1,0,1
Computer Science,1,0,0,0,Monday,14:00:00,16:00:00,NA,Practicals,ICT P,ICT,ICT P   Practicals,2,P,NA,Practicals,1,0,1
Computer Science,1,0,0,0,Tuesday,15:00:00,17:00:00,1.5,Visual Computing,ICT 231 1.5,ICT,ICT 231 1.5  Visual Computing,2,NFC4,Mr. AMRR Bandara,Lecture,1,0,1
Computer Science,1,0,0,0,Wednesday,08:00:00,09:45:00,1.5,Computer Networks and System Administration,ICT 230 1.5,ICT,ICT 230 1.5  Computer Networks and System Administration,2,PLT,Mr. AMRR Bandara,Lecture,1,0,1
Computer Science,1,0,0,0,Friday,10:15:00,12:00:00,2,User Interface Design and Implementation,ICT 229 2.0,ICT,ICT 229 2.0 User Interface Design and Implementation,2,NFC3,Dr. PRS De Silva,Lecture,1,0,1
Computer Science,1,0,0,0,Monday,14:00:00,16:00:00,2,Software Architecture and Design,ICT 330 2.0,ICT,ICT 330 2.0 Software Architecture and Design,3,NFC3,Dr. EATA Edirisuriya,Lecture,1,0,1
Computer Science,1,0,0,0,Tuesday,10:15:00,12:00:00,1.5,Data Mining and Data Warehousing,ICT 333 1.5,ICT,ICT 333 1.5 Data Mining and Data Warehousing,3,NFC3,Dr. TMKK Jinasena,Lecture,1,0,1
Computer Science,1,0,0,0,Thursday,10:15:00,12:00:00,1.5,Software Quality Assurance,ICT 331 1.5,ICT,ICT 331 1.5 Software Quality Assurance,3,NFC3,Ms. FS Sourjah,Lecture,1,0,1
Computer Science,1,0,0,0,Thursday,13:00:00,15:00:00,1.5,Human Computer Interaction,ICT 332 1.5,ICT,ICT 332 1.5 Human Computer Interaction,3,LCS2,Dr. PRS De Silva,Lecture,1,0,1
Mathematics,1,1,0,0,Monday,10:15:00,12:00:00,2,Principles of Macro Economics,MAN 126 2.0,MAN,MAN 126 2.0 Principles of Macro Economics,1,C1,Dr. Kamal Gnanaweera,Lecture,1,0,1
Mathematics,1,1,0,0,Thursday,13:00:00,15:00:00,2,Introduction to Entrepreneurship,MAN 129 2.0,MAN,MAN 129 2.0 Introduction to Entrepreneurship,1,PLT,Dr. Kamal Gnanaweera,Lecture,1,0,1
Mathematics,1,1,0,0,Friday,08:00:00,08:50:00,1,Introduction to Statistics,MAN 128 1.0,MAN,MAN 128 1.0 Introduction to Statistics,1,PLT,Mr. Chammika De Mel,Lecture,1,0,1
Mathematics,1,1,0,0,Monday,10:15:00,12:00:00,2,Organizational Behaviour,MAN 226 2.0,MAN,MAN 226 2.0 Organizational Behaviour,2,PLT,Dr. Anuradha Iddagoda,Lecture,1,0,1
Mathematics,1,1,0,0,Monday,16:00:00,17:45:00,1,Business Law,MAN 228 1.0,MAN,MAN 228 1.0 Business Law,2,NFC3,NA,Lecture,1,0,1
Mathematics,1,1,0,0,Friday,10:15:00,12:00:00,2,Statistical Quality Control and Industrial Statistics,MAN 227 2.0,MAN,MAN 227 2.0 Statistical Quality Control and Industrial Statistics,2,A1,Dr. Anoma Edirimanna,Lecture,1,0,1
Mathematics,1,1,0,0,Tuesday,10:15:00,12:00:00,2,Micro Computers and their Applications,MAN 327 2.0,MAN,MAN 327 2.0 Micro Computers and their Applications,3,C1,Dr. Mahesh Fernando,Lecture,1,0,1
Mathematics,1,1,0,0,Wednesday,13:00:00,14:00:00,1,Strategic Management,MAN 329 1.0,MAN,MAN 329 1.0 Strategic Management,3,PLT,Dr. Anuradha Iddagoda,Lecture,1,0,1
Mathematics,1,1,0,0,Wednesday,15:00:00,16:00:00,1,Production Control,MAN 326 1.0,MAN,MAN 326 1.0 Production Control,3,PLT,Ms. Chathurika Jayasuriya,Lecture,1,0,1
Mathematics,1,1,0,0,Thursday,10:15:00,12:00:00,2,Research Methodology,MAN 328 2.0,MAN,MAN 328 2.0 Research Methodology,3,C1,Dr. Kamal Gnanaweera,Lecture,1,0,1
Statistics,1,0,0,0,Monday,10:15:00,12:00:00,2,Probability and Distribution Theory II,STA 123 2.0,STA,STA 123 2.0 Probability and Distribution Theory II,1,NFC4,Prof. B.M.S.G. Banneheka,Lecture,1,0,1
Statistics,1,0,0,0,Monday,15:00:00,17:00:00,2,Data Analysis I,STA 124 2.0,STA,STA 124 2.0 Data Analysis I,1,Stat Lab,Dr. K.M.P. Perera,Lecture,1,0,1
Statistics,1,0,0,0,Tuesday,13:00:00,15:00:00,2,Data Analysis I,STA 124 2.0,STA,STA 124 2.0 Data Analysis I,1,LCS1,Dr. K.M.P. Perera,Lecture,1,0,1
Statistics,1,0,0,0,Thursday,08:00:00,09:45:00,2,Data Analysis I,STA 124 2.0,STA,STA 124 2.0 Data Analysis I,1,Stat Lab,Dr. K.M.P. Perera,Lecture,1,0,1
Statistics,1,0,0,0,Friday,08:00:00,09:45:00,1,Statistical Communication,STA 125 1.0,STA,STA 125 1.0  Statistical Communication,1,NFC4,Dr. H.A. Pathberiya,Lecture,1,0,1
Statistics,1,0,0,0,Tuesday,08:00:00,09:45:00,2,Regression Analysis,STA 224 2.0,STA,STA 224 2.0 Regression Analysis,2,NFC4,Dr. N. Withanage,Lecture,1,0,1
Statistics,1,0,0,0,Tuesday,15:00:00,17:00:00,1,Data Analysis II,STA 226 1.0,STA,STA 226 1.0 Data Analysis II,2,LCS1,Mrs. K.A.D.B.S. Karunasena,Lecture,1,0,1
Statistics,1,0,0,0,Wednesday,08:00:00,09:45:00,1,Data Analysis II,STA 226 1.0,STA,STA 226 1.0 Data Analysis II,2,LCS1,Mrs. K.A.D.B.S. Karunasena,Lecture,1,0,1
Statistics,1,0,0,0,Friday,10:15:00,12:00:00,2,Design and Analysis of Experiments,STA 225 2.0,STA,STA 225 2.0 Design and Analysis of Experiments,2,NFC4,Dr. P. Liyanaarachchi,Lecture,1,0,1
Statistics,1,0,0,0,Monday,08:00:00,09:45:00,2,Data analysis and Preparation of Results,STA 330 2.0,STA,STA 330 2.0 Data analysis and Preparation of Results,3,LCS1,Dr. C. Wickramarachchi,Lecture,1,1,1
Statistics,1,0,0,0,Monday,16:00:00,17:45:00,2,Data analysis and Preparation of Results,STA 330 2.0,STA,STA 330 2.0 Data analysis and Preparation of Results,3,LCS1,Dr. C. Wickramarachchi,Lecture,1,1,1
Statistics,1,0,0,0,Monday,10:15:00,12:00:00,2,Actuarial Statistics,STA 323 2.0,STA,STA 323 2.0 Actuarial Statistics,3,Stat Lab,Dr. N. Devpura,Lecture,0,1,1
Statistics,1,0,0,0,Monday,13:00:00,15:00:00,2,Statistical Data Mining,STA 476 2.0,STA,STA 476 2.0 Statistical Data Mining,3,Stat Lab,Dr. C. Wickramarachchi,Lecture,0,1,1
Statistics,1,0,0,0,Tuesday,10:15:00,12:00:00,2,Compilation of Official Statistics,STA 332 2.0,STA,STA 332 2.0  Compilation of Official Statistics,3,Online,Dr. P. Hapuarachchi,Lecture,1,1,1
Statistics,1,0,0,0,Tuesday,13:00:00,15:00:00,2,Stochastic Processes,STA 331 2.0,STA,STA 331 2.0 Stochastic Processes,3,Stat Lab,Dr. T. Talagala,Lecture,0,1,1
Statistics,1,0,0,0,Wednesday,08:00:00,09:45:00,1,Decision Theory,STA 313 1.0,STA,STA 313 1.0 Decision Theory,3,NFC4,Dr. R. Lokupitiya,Lecture,1,0,1
Statistics,1,0,0,0,Wednesday,10:15:00,12:00:00,2,Multivariate Statistics II,STA 327 2.0,STA,STA 327 2.0 Multivariate Statistics II,3,Stat Lab,Dr. R. Lokupitiya,Lecture,0,1,1
Statistics,1,0,0,0,Wednesday,13:00:00,15:00:00,2,Generalized Linear and Non Linear Models,STA 471 2.0,STA,STA 471 2.0 Generalized Linear and Non Linear Models,3,Stat Lab,Dr. N. Withanage,Lecture,0,1,1
Statistics,1,0,0,0,Thursday,08:00:00,09:45:00,2,Advanced Statistical Inference,STA 329 2.0,STA,STA 329 2.0 Advanced Statistical Inference,3,Stat Lab2,Prof. B.M.S.G. Banneheka,Lecture,0,1,1
Statistics,1,0,0,0,Thursday,10:15:00,12:00:00,2,Statistical Quality Assurance,STA 321 2.0,STA,STA 321 2.0 Statistical Quality Assurance,3,Stat Lab2,Dr. R. Silva,Lecture,1,1,1
Statistics,1,0,0,0,Thursday,13:00:00,15:00:00,2,Medical Statistics,STA 322 2.0,STA,STA 322 2.0 Medical Statistics,3,NFC4,Dr. C. Jayasinghe,Lecture,1,1,1
Statistics,1,0,0,0,Friday,10:15:00,12:00:00,2,Essential Skills in Statistics,STA 315 2.0,STA,STA 315 2.0 Essential Skills in Statistics,3,NFC4,Mr. P. Dias,Lecture,1,1,1
Statistics,1,0,0,0,Tuesday,10:15:00,12:00:00,2,Bayesian Inference,STA 472 2.0,STA,STA 472 2.0 Bayesian Inference,4,Stat Lab,Dr. R. Silva,Lecture,0,1,1
Statistics,1,0,0,0,Wednesday,10:15:00,12:00:00,2,Survival Analysis,STA 486 2.0,STA,STA 486 2.0 Survival Analysis,4,Stat Lab,Dr. C. Jayasinghe,Lecture,0,1,1
Statistics,1,0,0,0,Thursday,08:00:00,09:45:00,2,Spatial Statistics,STA 477 2.0,STA,STA 477 2.0 Spatial Statistics,4,Stat Lab,Dr. R. Lokupitiya,Lecture,0,1,1
Statistics,1,0,0,0,Thursday,10:15:00,12:00:00,2,Econometric Models,STA 475 2.0,STA,STA 475 2.0 Econometric Models,4,Stat Lab2,Dr. N. Devpura,Lecture,0,1,1
Statistics,1,0,0,0,Friday,13:00:00,15:00:00,2,Statistical Consultancy,STA 474 2.0,STA,STA 474 2.0 Statistical Consultancy,4,Stat Lab,Dr. T. Talagala,Lecture,0,1,1
Statistics,1,0,0,0,Friday,10:15:00,12:00:00,2,Advanced Time Series Analysis,STA 478 2.0,STA,STA 478 2.0 Advanced Time Series Analysis,4,Stat Lab,Dr. H.A. Pathberiya,Lecture,0,1,1
Statistics,1,0,0,0,Tuesday,13:00:00,15:00:00,2,Seminar,STA 481 2.0,STA,STA 481 2.0 Seminar,4,Stat Lab2,Dr. R. Silva,Lecture,0,1,1
Statistics,1,1,0,0,Wednesday,16:00:00,17:45:00,2,Introductory Statistics,STA 349 2.0,STA,STA 349 2.0  Introductory Statistics,3,NFC4,Dr. C. Wickramarachchi,Lecture,1,1,1
Zoology,0,1,0,0,Monday,08:00:00,12:00:00,NA,Practicals,ZOO P,ZOO,ZOO P Practicals,1,P,NA,Practicals,1,0,1
Zoology,0,1,0,0,Monday,13:00:00,16:00:00,NA,Practicals,ZOO P,ZOO,ZOO P Practicals,1,P,NA,Practicals,1,0,1
Zoology,0,1,0,0,Tuesday,13:00:00,14:00:00,1,Ecology,ZOO 121 1.0,ZOO,ZOO 121 1.0 Ecology,1,A1,Prof. R. R. M. K. P. Ranatunga,Lecture,1,0,1
Zoology,0,1,0,0,Tuesday,14:00:00,15:00:00,1,Insect Biology,ZOO 130 1.0,ZOO,ZOO 130 1.0 Insect Biology,1,A1,Dr. A. G. W. U. Perera,Lecture,1,0,1
Zoology,0,1,0,0,Wednesday,11:10:00,12:00:00,1,Comparative Functional Anatomy,ZOO 124 1.0,ZOO,ZOO 124 1.0 Comparative Functional Anatomy,1,A1,Dr. K. N. M. Wijayathilaka,Lecture,1,0,1
Zoology,0,1,0,0,Thursday,10:15:00,11:05:00,1,Fundamentals of Environmental Science,ZOO 129 1.0,ZOO,ZOO 129 1.0 Fundamentals of Environmental Science,1,A1,Snr. Prof. M. M. Pathmalal,Lecture,1,0,1
Zoology,0,1,0,0,Friday,08:00:00,08:50:00,NA,Tutorial,ZOO T,ZOO,ZOO T Tutorial,1,T,NA,Tutorial,1,0,1
Zoology,0,1,0,0,Tuesday,10:15:00,12:00:00,NA,Practicals,ZOO P,ZOO,ZOO P Practicals,2,P,NA,Practicals,1,0,1
Zoology,0,1,0,0,Tuesday,13:00:00,16:00:00,NA,Practicals,ZOO P,ZOO,ZOO P Practicals,2,P,NA,Practicals,1,0,1
Zoology,0,1,0,0,Thursday,08:00:00,08:50:00,1,Biodiversity & Conservation,ZOO 224 1.0,ZOO,ZOO 224 1.0 Biodiversity & Conservation,2,A1,Prof. W. A. D. Mahaulpatha - Dr. E. G. D. P. Jayasekara,Lecture,1,0,1
Zoology,0,1,0,0,Thursday,08:55:00,09:45:00,1,Developmental Zoology,ZOO 228 1.0,ZOO,ZOO 228 1.0 Developmental Zoology,2,A1,Prof. L. D. C. Peiris,Lecture,1,0,1
Zoology,0,1,0,0,Friday,10:15:00,12:00:00,2,Genetics and Molecular Biology,ZOO 231 2.0,ZOO,ZOO 231 2.0 Genetics and Molecular Biology,2,A1,Dr. H. S. D. Fernando,Lecture,1,0,1
Zoology,0,1,0,0,Monday,08:00:00,08:50:00,1,Integrated Watershed Management,ZOO 347 1.0,ZOO,ZOO 347 1.0 Integrated Watershed Management,3,A1,Dr. S. A. M. A. I. K. Senanayake,Lecture,1,1,1
Zoology,0,1,0,0,Monday,08:55:00,09:45:00,1,Environmental Physiology,ZOO 332 1.0,ZOO,ZOO 332 1.0 Environmental Physiology,3,A1,Dr. F. S. Idroos,Lecture,1,1,1
Zoology,0,1,0,0,Monday,10:15:00,11:05:00,1,Wildlife Management,ZOO 345 1.0,ZOO,ZOO 345 1.0 Wildlife Management,3,A1,Prof. W. A. D. Mahaulpatha,Lecture,1,1,1
Zoology,0,1,0,0,Monday,11:10:00,12:00:00,1,Fundamentals of Microbial Ecology,ZOO 344 1.0,ZOO,ZOO 344 1.0 Fundamentals of Microbial Ecology,3,A1,Snr. Prof. M. M. Pathmalal,Lecture,1,1,1
Zoology,0,1,0,0,Monday,15:00:00,16:00:00,1,Fundamentals of Immunology,ZOO 343 1.0,ZOO,ZOO 343 1.0 Fundamentals of Immunology,3,A1,Dr. K. V. K. Gunathilake,Lecture,1,1,1
Zoology,0,1,0,0,Tuesday,08:55:00,09:45:00,1,Toxicology of Insecticides,ZOO 346 1.0,ZOO,ZOO 346 1.0 Toxicology of Insecticides,3,A1,Dr. A. G. W. U. Perera,Lecture,1,1,1
Zoology,0,1,0,0,Tuesday,13:00:00,15:00:00,2,Nutrition,ZOO 327 2.0,ZOO,ZOO 327 2.0 Nutrition,3,NFC3,Dr. K. V. K. Gunathilake,Lecture,1,1,1
Zoology,0,1,0,0,Friday,08:55:00,12:00:00,NA,Practicals,ZOO P,ZOO,ZOO P Practicals,3,P,NA,Practicals,1,1,1
Zoology,0,1,0,0,Friday,13:00:00,16:00:00,NA,Practicals,ZOO P,ZOO,ZOO P Practicals,3,P,NA,Practicals,1,1,1
Zoology,0,1,0,0,Friday,13:00:00,15:00:00,2,Molecular Systematics,ZOO 426 2.0,ZOO,ZOO 426 2.0 Molecular Systematics,4,SLH - Botany,Snr. Prof. B. G. D. N. K. De Silva,Lecture,0,1,1
Zoology,0,1,0,0,NA,NA,NA,2,Applications of Microbial Ecology,ZOO 427 2.0,ZOO,ZOO 427 2.0 Applications of Microbial Ecology,4,SLH - Botany,Snr. Prof. M. M. Pathmalal,Lecture,0,1,1
Zoology,0,1,0,0,Thursday,10:15:00,12:00:00,2,Tetrapod Biology,ZOO 428 2.0,ZOO,ZOO 428 2.0 Tetrapod Biology,4,SLH - Botany,Prof. W. A. D. Mahaulpatha,Lecture,0,1,1
Zoology,0,1,0,0,Saturday,08:55:00,12:00:00,2,Molecular Principles of Human Diseases,ZOO 414 2.0,ZOO,ZOO 414 2.0 Molecular Principles of Human Diseases,4,SLH - Botany,Prof. L. D. C. Peiris,Lecture,0,1,1
Zoology,0,1,0,0,Tuesday,10:15:00,12:00:00,2,Bio Intensive Integrated Pest Management,ZOO 425 2.0,ZOO,ZOO 425 2.0 Bio Intensive Integrated Pest Management,4,SLH - Botany,Dr. A. G. W. U. Perera,Lecture,0,1,1
Zoology,0,1,0,0,NA,NA,NA,2,Mosquito Biology,ZOO 429 2.0,ZOO,ZOO 429 2.0 Mosquito Biology,4,SLH - Botany,Dr. H. S. D. Fernando,Lecture,0,1,1
Zoology,0,1,0,0,Monday,14:00:00,15:00:00,1,Water Chemistry,ARM 110 1.0,ARM,ARM 110 1.0 Water Chemistry,1,A1,Prof. S.D.M. Chinthaka,Lecture,1,0,1
Zoology,0,1,0,0,Tuesday,11:10:00,12:00:00,1,Aquatic Invertebrates,ARM 109 1.0,ARM,ARM 109 1.0 Aquatic Invertebrates,1,A1,Dr. K. N. M. Wijayathilaka,Lecture,1,0,1
Zoology,0,1,0,0,Wednesday,08:00:00,08:50:00,1,Aquatic Vegetation,ARM 108 1.0,ARM,ARM 108 1.0 Aquatic Vegetation,1,A1,Dr. I. U. Kariyawasam,Lecture,1,0,1
Zoology,0,1,0,0,Wednesday,08:55:00,09:45:00,1,Ecology of Plankton & Benthos,ARM 107 1.0,ARM,ARM 107 1.0 Ecology of Plankton & Benthos,1,A1,Dr. F. S. Idroos,Lecture,1,0,1
Zoology,0,1,0,0,Wednesday,13:00:00,15:00:00,NA,Practicals,ARM P,ARM,ARM P Practicals,1,P,NA,Practicals,1,0,1
Zoology,0,1,0,0,Monday,08:00:00,08:50:00,1,Inland Fisheries,ARM 206 1.0,ARM,ARM 206 1.0 Inland Fisheries,2,M1,Prof. D. C. T. Dissanayake - Dr. F. S. Idroos,Lecture,1,0,1
Zoology,0,1,0,0,Monday,08:55:00,12:00:00,NA,Practicals,ARM P,ARM,ARM P Practicals,2,P,NA,Practicals,1,0,1
Zoology,0,1,0,0,Wednesday,13:00:00,15:00:00,2,Culture Methods of Finfish & Shellfish,ARM 205 2.0,ARM,ARM 205 2.0 Culture Methods of Finfish & Shellfish,2,A1,Dr. S. A. M. A. I. K. Senanayake,Lecture,1,0,1
Zoology,0,1,0,0,Friday,08:55:00,09:45:00,1,Fish Genetics,ARM 207 1.0,ARM,ARM 207 1.0 Fish Genetics,2,B3,Dr. K. V. K. Gunathilake,Lecture,1,0,1
Zoology,0,1,0,0,Monday,08:00:00,08:50:00,1,Integrated Watershed Management,ARM 311 1.0,ARM,ARM 311 1.0 Integrated Watershed Management,3,A1,Dr. S. A. M. A. I. K. Senanayake,Lecture,1,1,1
Zoology,0,1,0,0,Monday,08:55:00,09:45:00,1,Ecophysiology,ARM 310 1.0,ARM,ARM 310 1.0 Ecophysiology,3,A1,Dr. F. S. Idroos,Lecture,1,1,1
Zoology,0,1,0,0,Monday,14:00:00,15:00:00,1,Aquatic Vertebrate Conservation,ARM 312 1.0,ARM,ARM 312 1.0 Aquatic Vertebrate Conservation,3,F2,Prof. W. A. D. Mahaulpatha,Lecture,1,1,1
Zoology,0,1,0,0,Tuesday,13:00:00,15:00:00,2,Nutrition,ARM 304 2.0,ARM,ARM 304 2.0 Nutrition,3,NFC3,Dr. K. V. K. Gunathilake,Lecture,1,1,1
Zoology,0,1,0,0,Thursday,10:15:00,12:00:00,2,Marine and Coastal Ecology,ARM 309 2.0,ARM,ARM 309 2.0 Marine and Coastal Ecology,3,F2,Prof. R. R. M. K. P. Ranatunga,Lecture,1,1,1
Zoology,0,1,0,0,Friday,08:55:00,12:00:00,NA,Practicals,ARM P,ARM,ARM P Practicals,3,P,NA,Practicals,1,1,1
Zoology,0,1,0,0,Tuesday,13:00:00,14:00:00,1,Principles of Ecology,BIO 111 1.0,BIO,BIO 111 1.0 Principles of Ecology,1,A1,Prof. R. R. M. K. P. Ranatunga,Lecture,1,0,1
Zoology,0,1,0,0,Wednesday,08:55:00,12:00:00,NA,Practicals,BIO P,BIO,BIO P Practicals,1,P,NA,Practicals,1,0,1
Zoology,0,1,0,0,Wednesday,13:00:00,15:00:00,2,Plant Form and Function,BIO 104 2.0,BIO,BIO 104 2.0  Plant Form and Function,1,A1,Prof. W.T.P.S.K.Senarath,Lecture,1,0,1
Zoology,0,1,0,0,Wednesday,16:00:00,17:45:00,1,Biological Statistics,BIO 110 1.0,BIO,BIO 110 1.0 Biological Statistics,1,NFC4,Dr. C. Wickramarachchi,Lecture,1,0,1
Zoology,0,1,0,0,Tuesday,08:55:00,12:00:00,NA,Practicals,BIO P,BIO,BIO P Practicals,2,P,NA,Practicals,1,0,1
Zoology,0,1,0,0,Tuesday,14:00:00,15:00:00,1,Entomology,BIO 212 1.0,BIO,BIO 212 1.0 Entomology,2,A1,Dr. A. G. W. U. Perera,Lecture,1,0,1
Zoology,0,1,0,0,Thursday,08:55:00,09:45:00,1,Developmental Biology,BIO 211 1.0,BIO,BIO 211 1.0 Developmental Biology,2,A1,Prof. L. D. C. Peiris,Lecture,1,0,1
Zoology,0,1,0,0,Thursday,10:15:00,12:00:00,1,Environmental Science,BIO 209 1.0,BIO,BIO 209 1.0 Environmental Science,2,A1,Snr. Prof. M. M. Pathmalal,Lecture,1,0,1
Zoology,0,1,0,0,Friday,10:15:00,12:00:00,2,Genetics and Molecular Biology,BIO 207 2.0,BIO,BIO 207 2.0 Genetics and Molecular Biology,2,A1,Dr. H. S. D. Fernando,Lecture,1,0,1
Zoology,0,1,0,0,Friday,13:00:00,14:00:00,1,Host Microbial Interactions,BIO 210 1.0,BIO,BIO 210 1.0 Host Microbial Interactions,2,NFC3,Ms. H.T. Mandakini,Lecture,1,0,1
Zoology,0,1,0,0,Monday,11:10:00,12:00:00,1,Microbial Ecology,BIO 354 1.0,BIO,BIO 354 1.0 Microbial Ecology,3,A1,Snr. Prof. M. M. Pathmalal,Lecture,1,1,1
Zoology,0,1,0,0,Monday,15:00:00,16:00:00,1,Immunology,BIO 355 1.0,BIO,BIO 355 1.0 Immunology,3,A1,Dr. K. V. K. Gunathilake,Lecture,1,1,1
Zoology,0,1,0,0,Tuesday,13:00:00,15:00:00,2,Nutrition,BIO 308 2.0,BIO,BIO 308 2.0 Nutrition,3,NFC3,Dr. K. V. K. Gunathilake,Lecture,1,1,1
Zoology,0,1,0,0,Tuesday,16:00:00,17:00:00,1,Bioinformatics,BIO 345 1.0,BIO,BIO 345 1.0 Bioinformatics,3,BLT,Dr. I. U. Kariyawasam,Lecture,1,1,1
Zoology,0,1,0,0,Thursday,10:15:00,11:05:00,1,Bioinformatics,BIO 345 1.0,BIO,BIO 345 1.0 Bioinformatics,3,BLT,Dr. I. U. Kariyawasam,Lecture,1,1,1
Zoology,0,1,0,0,Friday,08:55:00,12:00:00,NA,Practicals,BIO P,BIO,BIO P Practicals,3,P,NA,Practicals,1,1,1
Zoology,0,1,0,0,Friday,13:00:00,16:00:00,NA,Practicals,BIO P,BIO,BIO P Practicals,3,P,NA,Practicals,1,1,1
Zoology,0,1,0,0,Monday,08:00:00,09:45:00,1,Microbial Enzymes in Biotechnology,BIO 428 1.0,BIO,BIO 428 1.0 Microbial Enzymes in Biotechnology,4,SLH - Botany,Dr. R. Wimalasekara,Lecture,0,1,1
Zoology,0,1,0,0,Monday,13:00:00,15:00:00,2,Advanced Applied Microbiology,BIO 429 2.0,BIO,BIO 429 2.0 Advanced Applied Microbiology,4,SLH - Botany,Dr. Anusha Ekanayaka,Lecture,0,1,1
Mathematics,1,0,0,0,Monday,13:00:00,14:00:00,1,Vector Calculus,MAT 123 1.0,MAT,MAT 123 1.0 Vector Calculus,1,S1,Mr. G. J. K. Silva,Lecture,1,0,1
Mathematics,1,0,0,0,Wednesday,08:00:00,09:45:00,2,Linear Algebra I,MAT 121 2.0,MAT,MAT 121 2.0 Linear Algebra I,1,S1,Dr. Menaka Liyanage,Lecture,1,0,1
Mathematics,1,0,0,0,Wednesday,17:00:00,17:45:00,NA,Tutorial,MAT T,MAT,MAT T  Tutorial,1,S1,NA,Tutorial,1,0,1
Mathematics,1,0,0,0,Thursday,10:15:00,12:00:00,2,Calculus,MAT 122 2.0,MAT,MAT 122 2.0  Calculus,1,S1,Dr. R. N. P. De Silva,Lecture,1,0,1
Mathematics,1,0,0,0,Monday,08:00:00,09:45:00,2,Partial Differential Equations,MAT 222 2.0,MAT,MAT 222 2.0 Partial Differential Equations,2,S1,Dr. P.G.T.Harshani,Lecture,1,0,1
Mathematics,1,0,0,0,Wednesday,14:00:00,15:00:00,NA,Tutorial,MAT T,MAT,MAT T  Tutorial,2,NFC4,NA,Tutorial,1,0,1
Mathematics,1,0,0,0,Thursday,08:00:00,09:45:00,2,Functions of Several Variables,MAT 221 2.0,MAT,MAT 221 2.0 Functions of Several Variables,2,S1,Dr. R. P. K. De Silva - Dr. Prabath Silva,Lecture,1,0,1
Mathematics,1,0,0,0,Friday,08:00:00,08:50:00,1,Basics of Number Theory,MAT 223 1.0,MAT,MAT 223 1.0 Basics of Number Theory,2,S1,Dr. Jayantha Senadeera,Lecture,1,0,1
Mathematics,1,0,0,0,Friday,08:55:00,09:45:00,NA,Tutorial,MAT T,MAT,MAT T  Tutorial,2,S1,NA,Tutorial,1,0,1
Mathematics,1,0,0,0,Monday,10:15:00,12:00:00,2,Differential Geometry,MAT 322 2.0,MAT,MAT 322 2.0 Differential Geometry,3,S1,Dr. Thanuja Paragoda,Lecture,1,0,1
Mathematics,1,0,0,0,Friday,08:00:00,09:45:00,2,Abstract Algebra,MAT 321 2.0,MAT,MAT 321 2.0 Abstract Algebra,3,S1,Dr. J. K. Rathnayake,Lecture,1,0,1
Mathematics,1,0,0,0,Friday,13:00:00,15:00:00,1,Optimization,MAT 323 1.0,MAT,MAT 323 1.0 Optimization,3,S1,Dr. N. C. Ganegoda,Lecture,1,0,1
Mathematics,1,0,0,0,Friday,15:00:00,16:00:00,NA,Tutorial,MAT T,MAT,MAT T  Tutorial,3,C1,NA,Tutorial,1,0,1
Mathematics,1,0,0,0,Monday,08:00:00,09:45:00,3,Graph Theory,MAT 353 3.0,MAT,MAT 353 3.0 Graph Theory,3,M2,Dr. G. H. J. Lanel,Lecture,0,1,1
Mathematics,1,0,0,0,Tuesday,08:55:00,12:00:00,2,Seminar and Report Writing,MAT 380 2.0,MAT,MAT 380 2.0 Seminar and Report Writing,3,M1,Prof. K. B. M. Fonseka,Lecture,0,1,1
Mathematics,1,0,0,0,Tuesday,13:00:00,16:00:00,3,Complex Variables,MAT 377 3.0,MAT,MAT 377 3.0 Complex Variables,3,M1,Dr. B.V.N.C. Vidanage,Lecture,0,1,1
Mathematics,1,0,0,0,Wednesday,08:00:00,09:45:00,3,Graph Theory,MAT 353 3.0,MAT,MAT 353 3.0 Graph Theory,3,M2,Dr. G. H. J. Lanel,lecture,0,1,1
Mathematics,1,0,0,0,Wednesday,10:15:00,12:00:00,2,Topology,MAT 382 2.0,MAT,MAT 382 2.0 Topology,3,M2,Mr. G. J. K. Silva,Lecture,0,1,1
Mathematics,1,0,0,0,Friday,08:00:00,11:05:00,3,Ring Theory,MAT 375 3.0,MAT,MAT 375 3.0 Ring Theory,3,M1,Dr. L. M. Liyanage,Lecture,0,1,1
Mathematics,1,0,0,0,Friday,13:00:00,16:00:00,2,Seminar and Report Writing,MAT 380 2.0,MAT,MAT 380 2.0 Seminar and Report Writing,3,M1,Prof. K. B. M. Fonseka,Lecture,0,1,1
Mathematics,1,0,0,0,Monday,10:15:00,12:00:00,3,Fields and Galois Theory,MAT 451 3.0,MAT,MAT 451 3.0 Fields and Galois Theory,4,M2,Mr. K. K. W. A. Sarath Kumara,Lecture,0,1,1
Mathematics,1,0,0,0,Monday,13:00:00,15:00:00,2,Differential Geometry and Manifolds,MAT 484 2.0,MAT,MAT 484 2.0 Differential Geometry and Manifolds,4,M1,Dr. Prabath Silva,Lecture,0,1,1
Mathematics,1,0,0,0,Tuesday,10:15:00,12:00:00,2,Combinatorics,MAT 483 2.0,MAT,MAT 483 2.0 Combinatorics,4,SRL - Mathematics,Dr. Jayantha Senadeera,Lecture,0,1,1
Mathematics,1,0,0,0,Tuesday,13:00:00,15:00:00,3,Functional Analysis,MAT 476 3.0,MAT,MAT 476 3.0 Functional Analysis,4,SRL - Mathematics,Dr. Prabath Silva,Lecture,0,1,1
Mathematics,1,0,0,0,Wednesday,08:00:00,09:45:00,2,Univalent Functions and Conformal Mappings,MAT 485 2.0,MAT,MAT 485 2.0 Univalent Functions and Conformal Mappings,4,SRL - Mathematics,Dr. B.V.N.C. Vidanage,Lecture,0,1,1
Mathematics,1,0,0,0,Wednesday,10:15:00,12:00:00,2,Computational Mathematics,MAT 454 2.0,MAT,MAT 454 2.0 Computational Mathematics,4,SRL - Mathematics,Dr. G. H. J. Lanel,Lecture,0,1,1
Mathematics,1,0,0,0,Thursday,10:15:00,12:00:00,3,Fields and Galois Theory,MAT 451 3.0,MAT,MAT 451 3.0 Fields and Galois Theory,4,M2,Mr. K. K. W. A. Sarath Kumara,Lecture,0,1,1
Mathematics,1,0,0,0,Thursday,13:00:00,15:00:00,3,Functional Analysis,MAT 476 3.0,MAT,MAT 476 3.0 Functional Analysis,4,SRL - Mathematics,Dr. Prabath Silva,Lecture,0,1,1
Mathematics,1,0,0,0,Friday,10:15:00,12:00:00,2,Category Theory,MAT 478 2.0,MAT,MAT 478 2.0 Category Theory,4,SRL - Mathematics,Dr. J. K. Rathnayake,Lecture,0,1,1
Mathematics,1,0,0,0,Tuesday,10:15:00,12:00:00,2,Classical Mechanics,AMT 121 2.0,AMT,AMT 121 2.0 Classical Mechanics,1,C2,Mrs. D. S. Rodrigo,Lecture,1,0,1
Mathematics,1,0,0,0,Wednesday,13:00:00,15:00:00,2,Computational Mathematics,AMT 122 2.0,AMT,AMT 122 2.0 Computational Mathematics,1,M1,Dr. R. N. P. De Silva,Lecture,1,0,1
Mathematics,1,0,0,0,Thursday,08:55:00,09:45:00,1,Mathematical Modelling I,AMT 123 1.0,AMT,AMT 123 1.0 Mathematical Modelling I,1,M1,Prof. R. P. K. C. M. Ranasinghe,Lecture,1,0,1
Mathematics,1,0,0,0,Monday,13:00:00,15:00:00,2,Fluid Dynamics,AMT 222 2.0,AMT,AMT 222 2.0 Fluid Dynamics,2,M1,Dr. N. C. Ganegoda,Lecture,1,0,1
Mathematics,1,0,0,0,Tuesday,10:15:00,12:00:00,2,Mathematical Computing,AMT 221 2.0,AMT,AMT 221 2.0 Mathematical Computing,2,F2,Ms. T. A. H. Dilpriya,Lecture,1,0,1
Mathematics,1,0,0,0,Friday,10:15:00,11:05:00,1,Discrete Mathematics,AMT 223 1.0,AMT,AMT 223 1.0 Discrete Mathematics,2,B3,Dr. R. P. K. De Silva,Lecture,1,0,1
Mathematics,1,0,0,0,Wednesday,10:15:00,12:00:00,2,Quantum Mechanics,AMT 322 2.0,AMT,AMT 322 2.0 Quantum Mechanics,3,P1,Mrs. D. S. Rodrigo,Lecture,1,0,1
Mathematics,1,0,0,0,Thursday,13:00:00,15:00:00,1,Operations Research I,AMT 323 1.0,AMT,AMT 323 1.0 Operations Research I,3,P1,Dr. M. T. M. Perera,Lecture,1,0,1
Mathematics,1,0,0,0,Friday,10:15:00,12:00:00,2,Regression Analysis,AMT 325 2.0,AMT,AMT 325 2.0 Regression Analysis,3,M2,Mr. Chammika De Mel,Lecture,1,0,1
Mathematics,1,0,0,0,Tuesday,08:55:00,12:00:00,2,Seminar and Report Writing,AMT 355 2.0,AMT,AMT 355 2.0 Seminar and Report Writing,3,M1,Prof. K. B. M. Fonseka,Lecture,0,1,1
Mathematics,1,0,0,0,Tuesday,13:00:00,15:00:00,2,Data Analysis and Preparation of Reports,AMT 378 2.0,AMT,AMT 378 2.0 Data Analysis and Preparation of Reports,3,M2,Mr. Jayasooriya,Lecture,0,1,1
Mathematics,1,0,0,0,Wednesday,08:00:00,09:45:00,2,Statistical Quality Control,AMT 390 2.0,AMT,AMT 390 2.0 Statistical Quality Control,3,M1,Dr. M. T. M. Perera,Lecture,0,1,1
Mathematics,1,0,0,0,Wednesday,10:15:00,12:00:00,2,Quantum Mechanics,AMT 322 2.0,AMT,AMT 322 2.0 Quantum Mechanics,3,P1,Mrs. D. S. Rodrigo,Lecture,0,1,1
Mathematics,1,0,0,0,Wednesday,13:00:00,15:00:00,2,Computational Statistics,AMT 377 2.0,AMT,AMT 377 2.0 Computational Statistics,3,SRL - Mathematics,Dr. C. Wickramarachchi - Mr. Chammika De Mel,Lecture,0,1,1
Mathematics,1,0,0,0,Thursday,10:15:00,12:00:00,2,Mathematical Modeling II,AMT 321 2.0,AMT,AMT 321 2.0 Mathematical Modeling II,3,M2,Prof. R. P. K. C. M. Ranasinghe,Lecture,0,1,1
Mathematics,1,0,0,0,Thursday,13:00:00,14:00:00,1,Operations Research I,AMT 323 1.0,AMT,AMT 323 1.0 Operations Research I,3,P1,Dr. M. T. M. Perera,Lecture,0,1,1
Mathematics,1,0,0,0,Thursday,14:00:00,15:00:00,1,Production Control,AMT 326 1.0,AMT,AMT 326 1.0 Production Control,3,M1,Dr. M. T. M. Perera,Lecture,0,1,2
Mathematics,1,0,0,0,Friday,10:15:00,12:00:00,2,Regression Analysis,AMT 325 2.0,AMT,AMT 325 2.0 Regression Analysis,3,M2,Mr. Chammika De Mel,Lecture,0,1,1
Mathematics,1,0,0,0,Friday,13:00:00,16:00:00,2,Seminar and Report Writing,AMT 355 2.0,AMT,AMT 355 2.0 Seminar and Report Writing,3,M1,Prof. K. B. M. Fonseka,Lecture,0,1,1
Physics,1,1,0,0,Monday,14:00:00,16:00:00,2,Thermodynamics,PHY 108 2.0,PHY,PHY 108 2.0 Thermodynamics,1,PLT,Prof. A.R. Kumarasinghe,Lecture,1,0,1
Physics,1,1,0,0,Tuesday,10:15:00,12:00:00,2,Applied Electricity and Basic Electronics,PHY 107 2.0,PHY,PHY 107 2.0 Applied Electricity and Basic Electronics,1,S1,Mr. C.H. Manathunga,Lecture,1,0,1
Physics,1,1,0,0,Tuesday,13:00:00,16:00:00,2,Practicals,PHY 106 2.0,PHY,PHY 106 2.0 Practicals,1,P,Prof. P.K.D.D.P. Pitigala - Dr. MLC Attygalle,Practicals,1,0,1
Physics,1,1,0,0,Wednesday,13:00:00,16:00:00,2,Practicals,PHY 106 2.0,PHY,PHY 106 2.0 Practicals,1,P,Prof. P.K.D.D.P. Pitigala - Dr. MLC Attygalle,Practicals,1,0,1
Physics,1,1,0,0,Wednesday,16:00:00,17:00:00,2,Mathematics for Bio Science Students,PHY 102 2.0,PHY,PHY 102 2.0 Mathematics for Bio Science Students,1,L2,Dr. Gaya Jayakody,Lecture,1,0,1
Physics,1,1,0,0,Thursday,08:55:00,09:45:00,NA,Tutorial,PHY T,PHY,PHY T  Tutorial,1,PLT,NA,Tutorial,1,0,1
Physics,1,1,0,0,Thursday,16:00:00,17:00:00,2,Mathematics for Bio Science Students,PHY 102 2.1,PHY,PHY 102 2.1 Mathematics for Bio Science Students,1,L2,Dr. Gaya Jayakody,Lecture,1,0,1
Physics,1,1,0,0,Friday,08:55:00,12:00:00,2,Practicals,PHY 106 2.0,PHY,PHY 106 2.0 Practicals,1,P,Prof. P.K.D.D.P. Pitigala - Dr. MLC Attygalle,Practicals,1,0,1
Physics,1,1,0,0,Friday,13:00:00,16:00:00,2,Practicals,PHY 106 2.1,PHY,PHY 106 2.1 Practicals,1,P,Prof. P.K.D.D.P. Pitigala - Dr. MLC Attygalle,Practicals,1,0,1
Physics,1,1,0,0,Monday,13:00:00,16:00:00,1,Practicals,PHY 203 1.0,PHY,PHY 203 1.0 Practicals,2,P,Dr. D.N. Jayawardane - Dr. CR Munasinghe,Practicals,1,0,1
Physics,1,1,0,0,Monday,13:00:00,16:00:00,1,Practicals,PHY 204 1.0,PHY,PHY 204 1.0 Practicals,2,P,Mr. R.A.D.D. Dharmasiri - Mr. KS Mannathunga,Practicals,1,0,1
Physics,1,1,0,0,Monday,16:00:00,17:00:00,NA,Tutorial,PHY T,PHY,PHY T  Tutorial,2,PLT,NA,Tutorial,1,0,1
Physics,1,1,0,0,Tuesday,10:15:00,11:05:00,1,Mathematical Physics I,PHY 206 1.0,PHY,PHY 206 1.0 Mathematical Physics I,2,PLT,Prof. N.G.S.S. Gamage,Lecture,1,0,1
Physics,1,1,0,0,Tuesday,11:10:00,12:00:00,1,Special Theory of Relativity,PHY 207 1.0,PHY,PHY 207 1.0 Special Theory of Relativity,2,PLT,Dr. M.M.P.M. Fernando,Lecture,1,0,1
Physics,1,1,0,0,Wednesday,08:55:00,12:00:00,1,Practicals,PHY 203 1.0,PHY,PHY 203 1.0 Practicals,2,P,Dr. D.N. Jayawardane - Dr. CR Munasinghe,Practicals,1,0,1
Physics,1,1,0,0,Wednesday,08:55:00,12:00:00,1,Practicals,PHY 204 1.0,PHY,PHY 204 1.0 Practicals,2,P,Mr. R.A.D.D. Dharmasiri - Mr. KS Mannathunga,Practicals,1,0,1
Physics,1,1,0,0,Wednesday,13:00:00,16:00:00,1,Practicals,PHY 203 1.0,PHY,PHY 203 1.0 Practicals,2,P,Dr. D.N. Jayawardane - Dr. CR Munasinghe,Practicals,1,0,1
Physics,1,1,0,0,Wednesday,13:00:00,16:00:00,1,Practicals,PHY 204 1.0,PHY,PHY 204 1.0 Practicals,2,P,Mr. R.A.D.D. Dharmasiri - Mr. KS Mannathunga,Practicals,1,0,1
Physics,1,1,0,0,Thursday,10:15:00,11:05:00,1,Atomic & Nuclear Physics,PHY 208 1.0,PHY,PHY 208 1.0 Atomic & Nuclear Physics,2,PLT,Dr. MLC Attygalle,Lecture,1,0,1
Physics,1,1,0,0,Thursday,11:10:00,12:00:00,1,Statistical Physics I,PHY 205 1.0,PHY,PHY 205 1.0 Statistical Physics I,2,PLT,Dr. W.W.P. De Silva,Lecture,1,0,1
Physics,1,1,0,0,Friday,13:00:00,16:00:00,1,Practicals,PHY 203 1.0,PHY,PHY 203 1.0 Practicals,2,P,Dr. D.N. Jayawardane - Dr. CR Munasinghe,Practicals,1,0,1
Physics,1,1,0,0,Friday,13:00:00,16:00:00,1,Practicals,PHY 204 1.0,PHY,PHY 204 1.0 Practicals,2,P,Mr. R.A.D.D. Dharmasiri - Mr. KS Mannathunga,Practicals,1,0,1
Physics,1,1,0,0,Monday,08:00:00,08:50:00,1,Introduction to Microprocessors,PHY 309 1.0,PHY,PHY 309 1.0 Introduction to Microprocessors,3,PLT,Mr. R.A.D.D. Dharmasiri,Lecture,1,1,1
Physics,1,1,0,0,Monday,08:55:00,09:45:00,1,Space Physics I,PHY 310 1.0,PHY,PHY 310 1.0 Space Physics I,3,PLT,Dr. M.M.P.M. Fernando,Lecture,1,1,1
Physics,1,1,0,0,Monday,13:00:00,16:00:00,1,Practicals,PHY 307 1.0,PHY,PHY 307 1.0 Practicals,3,P,Prof. A.R. Kumarasinghe - Dr.W.K.I.L.Wanniarachchi - Mr.C.H. Manathunga,Practicals,1,1,1
Physics,1,1,0,0,Monday,13:00:00,16:00:00,1,Practicals,PHY 308 1.0,PHY,PHY 308 1.0 Practicals,3,P,Dr. M.M.P.M. Fernando - Dr. S. Kandeepan,Practicals,1,1,1
Physics,1,1,0,0,Tuesday,08:55:00,09:45:00,1,Nanophysics,PHY 318 1.0,PHY,PHY 318 1.0 Nanophysics,3,PLT,Prof. A.R. Kumarasinghe,Lecture,1,1,1
Physics,1,1,0,0,Tuesday,15:00:00,16:00:00,1,Astronomy,PHY 314 1.0,PHY,PHY 314 1.0 Astronomy,3,PLT,Dr. CR Munasinghe,Lecture,1,1,1
Physics,1,1,0,0,Tuesday,16:00:00,17:00:00,1,Industrial Physics,PHY 312 1.0,PHY,PHY 312 1.0 Industrial Physics,3,PLT,Dr. D.A.S. Amarasinghe,Lecture,1,1,1
Physics,1,1,0,0,Wednesday,08:55:00,12:00:00,1,Practicals,PHY 307 1.0,PHY,PHY 307 1.0 Practicals,3,P,Prof. A.R. Kumarasinghe - Dr.W.K.I.L.Wanniarachchi - Mr.C.H. Manathunga,Practicals,1,0,1
Physics,1,1,0,0,Wednesday,08:55:00,12:00:00,1,Practicals,PHY 308 1.0,PHY,PHY 308 1.0 Practicals,3,P,Dr. M.M.P.M. Fernando - Dr. S. Kandeepan,Practicals,1,0,1
Physics,1,1,0,0,Wednesday,13:00:00,16:00:00,1,Practicals,PHY 307 1.0,PHY,PHY 307 1.0 Practicals,3,P,Prof. A.R. Kumarasinghe - Dr.W.K.I.L.Wanniarachchi - Mr.C.H. Manathunga,Practicals,1,0,1
Physics,1,1,0,0,Wednesday,13:00:00,16:00:00,1,Practicals,PHY 308 1.0,PHY,PHY 308 1.0 Practicals,3,P,Dr. M.M.P.M. Fernando - Dr. S. Kandeepan,Practicals,1,0,1
Physics,1,1,0,0,Wednesday,16:00:00,17:00:00,1,Introduction to Computer Hardware,PHY 311 1.0,PHY,PHY 311 1.0 Introduction to Computer Hardware,3,UDG Lab,Mr. KS Mannathunga,Lecture,1,1,1
Physics,1,1,0,0,Thursday,08:55:00,12:00:00,1,Practicals,PHY 307 1.0,PHY,PHY 307 1.0 Practicals,3,P,Prof. A.R. Kumarasinghe - Dr.W.K.I.L.Wanniarachchi - Mr.C.H. Manathunga,Practicals,1,0,1
Physics,1,1,0,0,Thursday,08:55:00,12:00:00,1,Practicals,PHY 308 1.0,PHY,PHY 308 1.0 Practicals,3,P,Dr. M.M.P.M. Fernando - Dr. S. Kandeepan,Practicals,1,0,1
Physics,1,1,0,0,Friday,08:55:00,09:45:00,NA,Tutorial,PHY T,PHY,PHY T  Tutorial,3,PLT,NA,Tutorial,1,0,1
Physics,1,1,0,0,Tuesday,08:00:00,08:50:00,1,Metrology,PHY 315 1.0,PHY,PHY 315 1.0 Metrology,3,Activity Room - Physics,Dr. G.W.C. Wijayasundara,Lecture,0,1,1
Physics,1,1,0,0,Tuesday,10:15:00,12:00:00,2,Nuclear Physics,PHY 358 2.0,PHY,PHY 358 2.0 Nuclear Physics,3,Activity Room - Physics,Prof. P.K.D.D.P. Pitigala,Lecture,0,1,1
Physics,1,1,0,0,Wednesday,08:55:00,12:00:00,2,Geophysics II,PHY 357 2.0,PHY,PHY 357 2.0 Geophysics II,3,Activity Room - Physics,Prof. N.G.S.S. Gamage,Lecture,0,1,1
Physics,1,1,0,0,Wednesday,13:00:00,16:00:00,4,Practicals,PHY 355 4.0,PHY,PHY 355 4.0 Practicals,3,P,Prof. N.G.S.S. Gamage - Dr. W.W.P. De Silva,Practicals,0,1,1
Physics,1,1,0,0,Thursday,08:55:00,12:00:00,4,Practicals,PHY 355 4.1,PHY,PHY 355 4.1 Practicals,3,P,Prof. N.G.S.S. Gamage - Dr. W.W.P. De Silva,Practicals,0,1,1
Physics,1,1,0,0,Thursday,08:55:00,12:00:00,4,Practicals,PHY 355 4.2,PHY,PHY 355 4.2 Practicals,3,P,Prof. N.G.S.S. Gamage - Dr. W.W.P. De Silva,Practicals,0,1,1
Physics,1,1,0,0,Friday,08:00:00,12:00:00,2,Solid State Physics II,PHY 356 2.0,PHY,PHY 356 2.0 Solid State Physics II,3,Activity Room - Physics,Dr. D.N. Jayawardane,Lecture,0,1,1
Physics,1,1,0,0,Friday,13:00:00,16:00:00,2,Workshop Training,PHY 360 2.0,PHY,PHY 360 2.0 Workshop Training,3,NA,Prof. P.K.D.D.P. Pitigala,Lecture,0,1,1
Physics,1,1,0,0,Monday,13:00:00,16:00:00,2,Seminar 2 Activities,PHY 459 2.0,PHY,PHY 459 2.0 Seminar 2 Activities,4,Activity Room - Physics,Dr. W.W.P. De Silva,Lecture,0,1,1
Physics,1,1,0,0,Tuesday,08:55:00,12:00:00,3,Quantum Mechanics II,PHY 456 3.0,PHY,PHY 456 3.0 Quantum Mechanics II,4,SLH - Physics,Dr. S. Kandeepan,Lecture,0,1,1
Physics,1,1,0,0,Tuesday,13:00:00,16:00:00,2,Space and Atmospheric Physics,PHY 458 2.0,PHY,PHY 458 2.0 Space and Atmospheric Physics,4,UDG Lab,Dr. M.M.P.M. Fernando,Lecture,0,1,1
Physics,1,1,0,0,Wednesday,13:00:00,16:00:00,2,Seminar 2 Activities,PHY 459 2.0,PHY,PHY 459 2.0 Seminar 2 Activities,4,Activity Room - Physics,Dr. W.W.P. De Silva,Lecture,0,1,1
Physics,1,1,0,0,Friday,08:55:00,12:00:00,2,Particle Physics and Instrumentation,PHY 457 2.0,PHY,PHY 457 2.0 Particle Physics and Instrumentation,4,SLH - Physics,Dr. W.W.P. De Silva,Lecture,0,1,1
